0,523,119,29,2022-09-11,nie dostarczono
1,427,566,190,2023-02-13,dostarczono
2,821,11,487,2023-02-15,dostarczono
3,931,549,785,2023-05-27,dostarczono
4,204,618,698,2023-02-27,dostarczono
5,481,665,719,2022-09-12,dostarczono
6,923,211,158,2023-05-16,dostarczono
7,324,491,32,2022-12-18,oczekuje
8,817,708,105,2022-08-11,oczekuje
9,579,282,381,2022-12-21,oczekuje
10,86,466,315,2022-11-03,oczekuje
11,939,727,316,2022-11-19,dostarczono
12,791,737,123,2022-10-31,nie dostarczono
13,949,855,477,2022-07-13,nie dostarczono
14,383,94,8,2022-06-24,nie dostarczono
15,428,913,359,2023-02-28,nie dostarczono
16,863,865,721,2023-01-12,dostarczono
17,941,624,351,2023-04-19,dostarczono
18,281,923,564,2022-12-22,oczekuje
19,184,699,514,2023-02-15,nie dostarczono
20,172,253,205,2022-08-07,nie dostarczono
21,856,303,3,2022-12-10,dostarczono
22,137,984,804,2023-04-14,nie dostarczono
23,122,276,790,2022-11-13,oczekuje
24,282,441,263,2022-06-08,dostarczono
25,183,187,881,2022-07-06,oczekuje
26,783,102,262,2023-02-23,oczekuje
27,943,147,779,2023-01-22,dostarczono
28,785,498,225,2023-01-08,nie dostarczono
29,287,600,411,2022-09-11,nie dostarczono
30,755,638,432,2022-11-26,nie dostarczono
31,747,175,171,2023-05-08,nie dostarczono
32,811,13,107,2022-11-24,nie dostarczono
33,872,384,202,2023-05-15,dostarczono
34,548,982,468,2022-07-26,dostarczono
35,787,729,469,2023-03-27,oczekuje
36,652,731,182,2022-08-02,dostarczono
37,431,259,722,2022-08-29,nie dostarczono
38,662,644,733,2022-10-26,oczekuje
39,70,506,788,2022-12-16,nie dostarczono
40,584,375,311,2022-10-18,nie dostarczono
41,721,141,969,2023-05-29,nie dostarczono
42,836,214,732,2022-12-05,dostarczono
43,114,300,596,2023-01-23,dostarczono
44,886,965,296,2023-05-19,nie dostarczono
45,235,530,539,2022-10-25,nie dostarczono
46,32,615,127,2022-11-02,dostarczono
47,849,816,510,2023-01-12,nie dostarczono
48,390,481,363,2022-07-28,oczekuje
49,255,479,473,2023-04-10,oczekuje
50,790,236,381,2022-07-15,nie dostarczono
51,314,460,797,2022-11-24,oczekuje
52,832,939,265,2023-01-06,dostarczono
53,108,404,528,2023-03-22,dostarczono
54,483,91,131,2022-12-05,dostarczono
55,157,568,352,2023-03-06,nie dostarczono
56,524,333,967,2023-05-02,nie dostarczono
57,18,535,695,2022-07-03,oczekuje
58,510,838,336,2022-07-25,dostarczono
59,407,278,916,2023-01-08,nie dostarczono
60,815,671,524,2023-04-17,nie dostarczono
61,808,36,802,2022-08-05,dostarczono
62,110,834,492,2023-03-20,nie dostarczono
63,808,730,161,2022-10-10,oczekuje
64,21,946,844,2023-03-16,dostarczono
65,364,910,167,2022-06-09,dostarczono
66,147,585,994,2023-04-02,nie dostarczono
67,526,472,746,2022-12-13,nie dostarczono
68,606,869,33,2023-03-05,nie dostarczono
69,116,947,526,2022-08-21,oczekuje
70,996,692,896,2022-12-27,nie dostarczono
71,760,775,249,2023-03-20,dostarczono
72,587,692,409,2022-12-01,oczekuje
73,613,319,472,2022-06-15,oczekuje
74,158,196,693,2023-04-22,dostarczono
75,948,893,25,2023-02-01,oczekuje
76,91,410,568,2022-08-15,dostarczono
77,612,984,562,2022-08-11,dostarczono
78,623,278,333,2023-02-23,nie dostarczono
79,778,381,701,2023-02-24,oczekuje
80,817,166,133,2023-02-20,oczekuje
81,290,190,647,2022-12-20,nie dostarczono
82,582,64,638,2022-12-09,oczekuje
83,481,86,249,2022-12-03,dostarczono
84,680,351,841,2022-11-05,nie dostarczono
85,344,528,541,2023-03-24,nie dostarczono
86,95,187,878,2023-04-25,oczekuje
87,192,949,649,2022-10-31,dostarczono
88,220,198,665,2022-08-03,dostarczono
89,601,968,744,2023-01-22,dostarczono
90,344,426,668,2023-03-16,nie dostarczono
91,616,915,225,2022-12-08,oczekuje
92,365,746,812,2022-11-25,nie dostarczono
93,427,209,60,2022-09-03,nie dostarczono
94,419,889,603,2023-05-20,dostarczono
95,547,12,769,2022-08-27,nie dostarczono
96,175,110,783,2022-06-19,nie dostarczono
97,119,584,116,2022-09-08,oczekuje
98,22,430,713,2023-03-27,nie dostarczono
99,673,772,262,2022-11-27,oczekuje
100,42,894,205,2023-03-20,dostarczono
101,354,527,505,2022-11-22,nie dostarczono
102,745,667,858,2022-06-08,oczekuje
103,371,820,540,2022-07-05,oczekuje
104,127,272,27,2022-12-19,nie dostarczono
105,331,841,110,2023-05-31,dostarczono
106,114,871,355,2023-04-17,dostarczono
107,135,138,80,2022-09-21,nie dostarczono
108,350,418,835,2023-01-26,oczekuje
109,928,201,16,2023-02-16,nie dostarczono
110,958,976,937,2022-11-12,nie dostarczono
111,228,489,563,2022-08-18,dostarczono
112,210,366,122,2022-10-24,nie dostarczono
113,673,986,133,2023-02-14,nie dostarczono
114,378,78,140,2022-06-14,oczekuje
115,516,206,412,2022-12-10,oczekuje
116,501,99,73,2022-11-03,dostarczono
117,670,720,826,2022-06-26,dostarczono
118,797,476,577,2022-06-30,dostarczono
119,716,111,911,2022-11-06,nie dostarczono
120,774,802,976,2022-10-05,dostarczono
121,714,490,979,2023-01-08,dostarczono
122,435,592,654,2023-05-10,oczekuje
123,934,997,811,2022-12-30,dostarczono
124,799,259,804,2022-08-09,oczekuje
125,598,905,974,2022-08-20,nie dostarczono
126,592,541,948,2022-11-17,oczekuje
127,952,374,650,2022-10-15,oczekuje
128,980,755,847,2022-08-23,nie dostarczono
129,490,698,742,2023-03-07,nie dostarczono
130,745,600,108,2022-07-13,oczekuje
131,234,439,381,2022-11-20,oczekuje
132,780,919,529,2023-03-19,nie dostarczono
133,794,80,364,2022-09-20,dostarczono
134,735,433,446,2022-07-30,oczekuje
135,9,531,513,2023-03-02,dostarczono
136,421,50,200,2023-01-15,oczekuje
137,549,27,864,2022-06-22,oczekuje
138,106,119,790,2023-02-20,nie dostarczono
139,356,405,304,2022-10-18,oczekuje
140,670,516,360,2023-05-27,dostarczono
141,818,617,936,2022-07-28,dostarczono
142,348,160,309,2022-07-23,nie dostarczono
143,886,926,374,2022-08-13,oczekuje
144,183,209,225,2022-09-10,dostarczono
145,180,91,549,2023-05-09,oczekuje
146,906,475,500,2022-06-16,dostarczono
147,401,830,51,2023-02-14,nie dostarczono
148,858,880,788,2023-04-27,nie dostarczono
149,660,966,435,2023-02-28,oczekuje
150,770,162,731,2023-03-30,nie dostarczono
151,598,609,325,2022-10-23,nie dostarczono
152,533,193,637,2022-10-29,nie dostarczono
153,32,257,183,2022-06-13,dostarczono
154,869,626,349,2023-04-28,nie dostarczono
155,40,479,543,2023-02-21,nie dostarczono
156,483,754,257,2022-10-19,oczekuje
157,572,641,24,2022-09-18,oczekuje
158,569,732,689,2022-09-24,dostarczono
159,636,851,464,2022-12-22,nie dostarczono
160,904,417,309,2022-08-30,nie dostarczono
161,800,85,930,2022-11-30,oczekuje
162,463,814,815,2022-12-16,nie dostarczono
163,967,848,699,2023-01-17,nie dostarczono
164,728,798,354,2022-09-21,oczekuje
165,762,276,110,2022-07-17,dostarczono
166,437,184,528,2022-12-04,oczekuje
167,534,45,305,2022-07-27,dostarczono
168,696,43,87,2023-01-23,oczekuje
169,11,898,3,2023-04-29,dostarczono
170,698,932,132,2022-10-01,dostarczono
171,23,622,632,2022-11-14,dostarczono
172,902,708,51,2023-05-08,nie dostarczono
173,590,842,893,2022-11-02,nie dostarczono
174,794,309,868,2023-01-12,nie dostarczono
175,636,773,992,2022-07-22,nie dostarczono
176,112,204,291,2022-06-12,nie dostarczono
177,572,109,658,2022-07-16,dostarczono
178,301,791,613,2022-12-19,nie dostarczono
179,785,605,493,2022-09-12,oczekuje
180,501,63,675,2022-08-09,nie dostarczono
181,202,452,289,2022-09-14,dostarczono
182,948,996,441,2023-05-04,nie dostarczono
183,744,602,656,2023-01-07,dostarczono
184,210,37,108,2022-07-27,nie dostarczono
185,595,302,688,2022-11-19,dostarczono
186,299,880,557,2022-08-17,dostarczono
187,477,70,111,2023-04-24,oczekuje
188,617,112,528,2022-07-05,nie dostarczono
189,185,407,666,2023-03-20,dostarczono
190,364,300,27,2023-02-09,nie dostarczono
191,669,118,692,2023-02-05,nie dostarczono
192,909,495,507,2022-10-03,oczekuje
193,835,765,902,2022-09-16,dostarczono
194,396,140,287,2022-07-08,oczekuje
195,263,340,472,2023-05-22,dostarczono
196,580,455,762,2023-04-17,dostarczono
197,864,179,368,2022-11-24,nie dostarczono
198,756,413,581,2023-02-17,oczekuje
199,377,558,239,2022-08-31,nie dostarczono
200,883,439,907,2022-09-26,dostarczono
201,758,672,324,2023-03-08,oczekuje
202,609,470,325,2023-02-15,dostarczono
203,898,972,996,2023-03-12,dostarczono
204,137,992,164,2022-07-12,nie dostarczono
205,311,212,133,2022-12-21,dostarczono
206,197,184,434,2023-01-29,oczekuje
207,343,213,291,2022-07-16,nie dostarczono
208,251,372,928,2022-08-14,dostarczono
209,592,166,312,2023-02-24,dostarczono
210,197,177,912,2022-09-16,oczekuje
211,5,356,106,2023-03-30,dostarczono
212,783,800,919,2023-02-05,dostarczono
213,255,464,767,2023-04-09,oczekuje
214,6,28,912,2022-12-04,nie dostarczono
215,894,61,191,2023-03-27,dostarczono
216,934,894,637,2022-11-13,nie dostarczono
217,425,936,55,2022-07-02,oczekuje
218,596,822,253,2023-03-07,nie dostarczono
219,753,140,669,2023-02-18,nie dostarczono
220,192,33,127,2023-04-29,oczekuje
221,442,726,357,2023-01-30,dostarczono
222,856,623,917,2022-08-09,dostarczono
223,857,156,722,2023-01-21,oczekuje
224,695,605,802,2022-11-21,nie dostarczono
225,367,219,127,2023-05-20,nie dostarczono
226,568,838,890,2022-07-24,oczekuje
227,424,303,464,2022-10-28,dostarczono
228,825,369,670,2022-07-10,nie dostarczono
229,471,462,397,2022-07-20,nie dostarczono
230,122,849,975,2023-01-17,nie dostarczono
231,852,527,169,2022-06-26,dostarczono
232,30,543,595,2022-07-21,oczekuje
233,313,875,472,2022-09-09,oczekuje
234,847,903,175,2022-06-04,nie dostarczono
235,500,966,700,2023-03-28,oczekuje
236,701,348,708,2022-06-06,nie dostarczono
237,658,813,944,2023-03-04,oczekuje
238,54,747,78,2023-02-24,nie dostarczono
239,867,72,327,2023-01-21,nie dostarczono
240,995,715,612,2023-04-07,dostarczono
241,814,285,126,2022-10-21,nie dostarczono
242,123,802,55,2022-12-05,dostarczono
243,688,913,187,2023-03-23,oczekuje
244,804,134,946,2023-04-15,oczekuje
245,723,688,818,2022-10-29,dostarczono
246,825,687,142,2023-05-07,dostarczono
247,198,812,172,2023-03-15,dostarczono
248,461,316,419,2023-05-02,dostarczono
249,228,734,405,2023-01-03,oczekuje
250,831,410,70,2022-07-29,dostarczono
251,514,160,334,2023-01-13,oczekuje
252,593,448,104,2022-11-15,oczekuje
253,180,63,666,2022-08-19,nie dostarczono
254,263,884,365,2023-05-13,dostarczono
255,158,931,900,2023-01-23,dostarczono
256,153,986,444,2023-02-18,oczekuje
257,863,633,822,2023-04-22,dostarczono
258,219,330,591,2023-01-15,dostarczono
259,184,471,81,2022-08-30,oczekuje
260,893,644,976,2022-11-15,nie dostarczono
261,356,691,225,2022-08-21,dostarczono
262,399,867,246,2023-05-28,dostarczono
263,406,753,131,2023-05-25,dostarczono
264,277,200,596,2023-01-11,dostarczono
265,61,485,296,2023-03-20,dostarczono
266,461,200,398,2022-07-25,oczekuje
267,391,586,261,2022-07-02,nie dostarczono
268,904,188,138,2023-01-17,nie dostarczono
269,995,490,358,2023-04-01,oczekuje
270,529,553,895,2022-09-09,dostarczono
271,230,737,981,2022-11-21,dostarczono
272,393,213,526,2022-12-29,dostarczono
273,717,227,394,2022-10-09,dostarczono
274,747,753,421,2023-05-07,oczekuje
275,714,5,916,2022-09-03,oczekuje
276,707,666,331,2022-06-27,nie dostarczono
277,565,949,971,2022-12-27,nie dostarczono
278,831,361,963,2023-05-15,oczekuje
279,795,223,376,2023-04-18,nie dostarczono
280,51,992,708,2023-02-19,nie dostarczono
281,807,623,996,2022-08-12,oczekuje
282,544,20,575,2023-05-03,oczekuje
283,54,252,505,2022-11-10,dostarczono
284,640,537,273,2023-03-17,nie dostarczono
285,77,179,526,2023-05-02,nie dostarczono
286,985,453,370,2023-03-15,dostarczono
287,825,48,887,2022-12-04,oczekuje
288,489,429,786,2023-01-23,oczekuje
289,590,147,422,2022-11-08,oczekuje
290,19,513,517,2023-02-01,dostarczono
291,50,457,646,2023-05-31,dostarczono
292,339,529,180,2022-12-21,oczekuje
293,19,869,277,2023-04-25,oczekuje
294,912,172,422,2022-11-21,dostarczono
295,172,576,221,2022-10-28,oczekuje
296,33,755,555,2023-03-19,dostarczono
297,84,598,597,2022-12-14,oczekuje
298,695,898,774,2023-01-18,dostarczono
299,327,997,983,2022-06-07,oczekuje
300,706,222,472,2023-01-20,oczekuje
301,0,768,151,2023-03-23,dostarczono
302,775,257,406,2022-07-22,oczekuje
303,697,149,839,2022-08-19,nie dostarczono
304,708,586,392,2022-08-01,oczekuje
305,570,284,610,2022-06-14,oczekuje
306,950,451,424,2023-04-17,oczekuje
307,875,152,697,2022-06-20,dostarczono
308,113,750,591,2022-08-14,oczekuje
309,667,884,547,2023-01-16,dostarczono
310,711,7,765,2022-10-01,oczekuje
311,150,793,49,2023-04-03,nie dostarczono
312,842,811,365,2022-06-10,nie dostarczono
313,357,446,802,2022-12-11,nie dostarczono
314,94,166,891,2022-06-05,dostarczono
315,337,433,709,2022-11-29,dostarczono
316,693,52,926,2022-10-13,dostarczono
317,856,71,100,2022-06-29,nie dostarczono
318,60,102,414,2022-10-12,dostarczono
319,524,119,72,2023-01-28,dostarczono
320,989,768,536,2022-10-22,oczekuje
321,166,543,642,2022-10-11,nie dostarczono
322,174,580,150,2022-08-04,oczekuje
323,420,646,934,2022-06-17,oczekuje
324,306,314,81,2022-10-01,dostarczono
325,584,280,159,2023-02-05,nie dostarczono
326,758,875,338,2023-05-09,dostarczono
327,699,352,324,2022-12-14,oczekuje
328,134,92,331,2023-01-07,oczekuje
329,647,956,207,2023-04-12,dostarczono
330,270,416,846,2023-05-05,nie dostarczono
331,104,762,708,2022-09-22,oczekuje
332,750,627,651,2023-03-18,oczekuje
333,210,133,455,2022-09-09,nie dostarczono
334,483,263,145,2022-10-23,oczekuje
335,350,188,457,2023-05-23,oczekuje
336,261,68,86,2022-08-03,oczekuje
337,602,567,33,2022-09-02,dostarczono
338,636,979,383,2022-06-30,dostarczono
339,226,60,816,2022-11-19,nie dostarczono
340,724,577,872,2023-04-01,oczekuje
341,989,610,566,2022-12-12,oczekuje
342,461,263,330,2022-10-18,oczekuje
343,978,240,122,2023-05-15,dostarczono
344,252,59,581,2023-03-29,oczekuje
345,963,94,767,2022-10-26,dostarczono
346,731,973,94,2022-08-07,nie dostarczono
347,185,830,146,2022-09-12,dostarczono
348,228,966,475,2023-03-09,oczekuje
349,894,292,986,2023-03-11,oczekuje
350,231,239,194,2022-10-05,nie dostarczono
351,140,419,879,2023-03-23,nie dostarczono
352,30,436,58,2022-09-06,dostarczono
353,64,702,964,2023-05-18,dostarczono
354,893,382,646,2023-03-12,dostarczono
355,223,247,624,2022-08-07,nie dostarczono
356,868,626,301,2023-03-26,nie dostarczono
357,370,348,163,2023-04-11,nie dostarczono
358,171,194,889,2022-07-10,dostarczono
359,396,210,958,2023-03-11,oczekuje
360,181,235,134,2022-12-01,oczekuje
361,857,627,669,2023-05-12,oczekuje
362,699,280,35,2022-07-29,oczekuje
363,298,126,961,2023-01-10,oczekuje
364,823,927,766,2023-05-12,dostarczono
365,445,712,982,2023-03-28,nie dostarczono
366,822,596,235,2022-06-20,nie dostarczono
367,453,482,633,2022-09-13,dostarczono
368,44,782,462,2022-09-08,nie dostarczono
369,179,461,85,2023-03-11,nie dostarczono
370,622,313,274,2023-04-10,nie dostarczono
371,945,876,946,2023-03-30,nie dostarczono
372,415,455,691,2023-01-16,dostarczono
373,999,771,1,2022-11-11,oczekuje
374,379,746,485,2023-04-09,dostarczono
375,741,428,487,2022-07-15,oczekuje
376,147,647,504,2023-02-19,oczekuje
377,673,924,492,2022-10-25,oczekuje
378,825,808,946,2022-07-14,oczekuje
379,335,103,37,2022-12-31,dostarczono
380,639,349,25,2022-09-19,oczekuje
381,202,794,469,2022-12-29,nie dostarczono
382,800,544,19,2022-07-15,dostarczono
383,120,761,446,2022-12-21,dostarczono
384,806,823,363,2023-01-04,oczekuje
385,350,730,873,2022-08-26,dostarczono
386,99,592,568,2022-10-29,oczekuje
387,621,229,685,2022-08-20,oczekuje
388,437,902,878,2022-08-24,dostarczono
389,73,911,390,2023-05-08,oczekuje
390,367,754,118,2022-09-08,oczekuje
391,57,911,935,2022-09-30,nie dostarczono
392,994,149,336,2022-10-17,oczekuje
393,900,567,577,2023-04-27,oczekuje
394,730,229,430,2022-07-07,dostarczono
395,181,392,290,2022-06-09,nie dostarczono
396,300,167,696,2022-08-11,oczekuje
397,536,43,872,2022-08-29,nie dostarczono
398,481,277,193,2023-04-28,dostarczono
399,972,309,963,2023-02-06,dostarczono
400,926,402,818,2022-10-10,oczekuje
401,144,578,778,2023-02-02,nie dostarczono
402,56,760,507,2023-05-23,nie dostarczono
403,952,681,587,2023-01-16,nie dostarczono
404,150,340,566,2022-12-29,dostarczono
405,647,870,540,2022-06-21,nie dostarczono
406,641,277,210,2022-12-08,nie dostarczono
407,145,618,858,2022-08-24,dostarczono
408,458,462,581,2022-10-06,nie dostarczono
409,891,228,816,2022-06-03,nie dostarczono
410,370,60,517,2022-06-18,nie dostarczono
411,420,535,112,2022-10-23,dostarczono
412,763,546,473,2023-01-24,nie dostarczono
413,657,887,680,2022-07-28,oczekuje
414,873,190,658,2023-01-13,dostarczono
415,662,246,734,2023-03-11,oczekuje
416,910,830,16,2023-04-29,nie dostarczono
417,555,471,676,2022-08-26,dostarczono
418,380,278,159,2022-11-13,oczekuje
419,73,229,938,2023-02-08,dostarczono
420,160,90,120,2023-02-11,nie dostarczono
421,19,215,365,2022-10-25,nie dostarczono
422,216,861,132,2023-02-26,dostarczono
423,111,615,572,2023-05-31,oczekuje
424,168,545,9,2022-09-30,nie dostarczono
425,159,538,796,2022-08-26,nie dostarczono
426,536,119,191,2022-06-25,dostarczono
427,396,486,268,2022-11-12,dostarczono
428,343,830,758,2023-01-10,nie dostarczono
429,785,779,409,2023-02-10,oczekuje
430,243,72,203,2023-05-01,dostarczono
431,200,6,789,2023-01-11,nie dostarczono
432,114,326,187,2023-03-31,nie dostarczono
433,608,784,560,2022-11-21,dostarczono
434,513,332,848,2022-12-11,nie dostarczono
435,175,949,918,2022-12-27,nie dostarczono
436,294,626,468,2022-10-14,nie dostarczono
437,986,394,353,2023-02-12,oczekuje
438,163,539,443,2023-01-13,dostarczono
439,925,616,408,2022-07-25,nie dostarczono
440,783,230,812,2023-03-15,dostarczono
441,32,169,71,2022-07-31,dostarczono
442,759,59,366,2022-07-18,oczekuje
443,765,322,153,2022-08-28,nie dostarczono
444,871,1,787,2022-12-08,dostarczono
445,807,100,832,2022-12-28,nie dostarczono
446,704,432,681,2023-05-30,dostarczono
447,875,451,658,2022-06-27,nie dostarczono
448,905,930,0,2022-08-19,oczekuje
449,687,663,589,2022-12-12,dostarczono
450,776,463,615,2023-05-22,dostarczono
451,315,903,8,2022-10-30,oczekuje
452,528,725,179,2023-03-06,oczekuje
453,575,300,683,2023-03-07,oczekuje
454,349,233,28,2022-09-27,dostarczono
455,401,593,770,2023-04-03,dostarczono
456,414,639,678,2022-10-06,oczekuje
457,484,448,950,2022-10-17,dostarczono
458,838,556,557,2023-04-21,dostarczono
459,124,432,97,2023-04-16,dostarczono
460,889,757,832,2022-06-13,nie dostarczono
461,677,87,942,2022-12-26,oczekuje
462,262,313,357,2022-09-26,dostarczono
463,467,341,960,2022-11-11,oczekuje
464,351,750,718,2022-11-06,dostarczono
465,618,374,473,2022-10-09,nie dostarczono
466,762,653,197,2023-05-03,dostarczono
467,455,120,31,2023-03-22,nie dostarczono
468,633,813,974,2022-07-13,dostarczono
469,932,551,798,2022-06-23,oczekuje
470,543,468,281,2023-04-14,nie dostarczono
471,61,924,387,2023-02-22,oczekuje
472,145,768,48,2023-02-14,oczekuje
473,557,407,303,2022-08-19,nie dostarczono
474,5,184,385,2023-01-08,dostarczono
475,22,484,9,2022-12-28,dostarczono
476,72,91,897,2022-08-28,dostarczono
477,381,344,413,2023-02-26,dostarczono
478,569,787,276,2023-05-01,dostarczono
479,540,19,114,2022-10-14,dostarczono
480,43,126,757,2022-11-18,dostarczono
481,441,845,357,2022-07-09,dostarczono
482,923,196,531,2023-02-12,nie dostarczono
483,897,962,954,2022-11-10,oczekuje
484,560,989,594,2022-09-17,dostarczono
485,374,903,844,2022-09-19,nie dostarczono
486,569,161,623,2022-12-11,nie dostarczono
487,683,387,576,2022-11-18,nie dostarczono
488,996,999,161,2022-11-06,dostarczono
489,290,371,479,2022-12-03,nie dostarczono
490,627,954,950,2022-10-03,oczekuje
491,207,821,413,2022-10-16,oczekuje
492,373,1,346,2023-03-10,oczekuje
493,975,341,555,2023-03-15,oczekuje
494,281,527,341,2022-09-02,dostarczono
495,928,685,499,2023-01-24,nie dostarczono
496,842,224,484,2022-07-23,nie dostarczono
497,37,270,587,2023-05-15,oczekuje
498,565,700,678,2023-04-26,dostarczono
499,44,522,673,2022-09-30,oczekuje
500,969,290,174,2023-02-23,dostarczono
501,639,883,533,2023-02-23,dostarczono
502,296,273,242,2022-10-31,nie dostarczono
503,497,527,739,2023-03-30,oczekuje
504,853,413,37,2022-07-18,dostarczono
505,953,827,981,2022-10-16,oczekuje
506,762,707,465,2022-09-30,dostarczono
507,348,436,202,2022-07-07,dostarczono
508,555,325,450,2022-07-03,nie dostarczono
509,344,682,909,2022-08-05,nie dostarczono
510,211,734,153,2023-04-04,dostarczono
511,9,111,136,2022-08-08,nie dostarczono
512,587,976,377,2022-10-26,nie dostarczono
513,506,967,203,2022-12-28,dostarczono
514,770,747,706,2022-07-05,nie dostarczono
515,207,389,281,2022-11-23,nie dostarczono
516,775,90,80,2022-11-10,dostarczono
517,33,160,304,2022-07-17,nie dostarczono
518,196,131,636,2022-07-11,oczekuje
519,456,861,286,2022-06-12,oczekuje
520,383,315,705,2023-03-25,oczekuje
521,491,417,364,2023-02-10,dostarczono
522,368,601,298,2022-11-03,oczekuje
523,520,856,967,2022-08-01,oczekuje
524,120,17,536,2022-08-06,nie dostarczono
525,255,3,159,2023-01-11,dostarczono
526,676,744,270,2022-07-05,nie dostarczono
527,971,841,662,2022-11-15,nie dostarczono
528,790,869,30,2022-09-26,nie dostarczono
529,796,832,503,2023-03-27,nie dostarczono
530,123,394,488,2023-03-01,dostarczono
531,46,470,169,2023-01-13,dostarczono
532,477,285,517,2023-06-01,dostarczono
533,858,548,618,2023-05-30,dostarczono
534,264,282,227,2022-06-04,dostarczono
535,673,862,72,2022-09-10,dostarczono
536,433,273,353,2022-11-21,oczekuje
537,591,309,414,2022-06-07,oczekuje
538,768,514,988,2022-10-12,nie dostarczono
539,246,147,583,2023-03-12,dostarczono
540,189,273,556,2022-10-05,dostarczono
541,27,292,289,2022-10-31,nie dostarczono
542,56,886,985,2022-06-19,oczekuje
543,275,599,247,2023-03-16,nie dostarczono
544,581,875,813,2023-01-08,nie dostarczono
545,381,372,381,2023-05-01,oczekuje
546,478,776,98,2023-04-17,nie dostarczono
547,604,573,293,2022-06-11,dostarczono
548,359,875,82,2022-06-27,oczekuje
549,344,557,771,2022-07-15,oczekuje
550,534,286,293,2023-01-15,dostarczono
551,327,652,975,2022-10-01,oczekuje
552,389,61,651,2022-10-17,dostarczono
553,611,55,905,2022-08-26,nie dostarczono
554,53,475,429,2022-06-28,nie dostarczono
555,979,996,573,2023-03-10,dostarczono
556,797,539,684,2022-11-09,nie dostarczono
557,719,219,216,2022-10-20,oczekuje
558,853,310,747,2023-02-22,dostarczono
559,665,32,840,2023-01-04,oczekuje
560,534,168,367,2022-08-19,dostarczono
561,990,168,752,2023-03-01,nie dostarczono
562,881,292,226,2022-12-08,oczekuje
563,484,34,597,2022-07-10,oczekuje
564,883,102,842,2023-01-01,nie dostarczono
565,855,329,836,2022-09-01,oczekuje
566,313,972,152,2022-09-08,nie dostarczono
567,757,675,938,2023-01-10,dostarczono
568,419,652,863,2023-03-22,oczekuje
569,712,662,119,2023-05-26,oczekuje
570,356,715,793,2022-06-05,nie dostarczono
571,444,502,4,2023-01-24,oczekuje
572,706,195,328,2023-04-06,dostarczono
573,368,126,129,2022-06-16,dostarczono
574,690,5,20,2022-11-08,oczekuje
575,529,819,695,2022-12-18,oczekuje
576,964,786,444,2022-06-08,oczekuje
577,563,144,987,2022-07-27,nie dostarczono
578,223,756,251,2023-03-09,nie dostarczono
579,392,628,880,2022-12-26,nie dostarczono
580,151,723,689,2022-10-07,nie dostarczono
581,300,341,714,2023-04-17,oczekuje
582,915,351,152,2023-02-20,nie dostarczono
583,697,298,782,2023-03-15,dostarczono
584,750,398,423,2022-06-04,dostarczono
585,190,368,937,2022-09-19,dostarczono
586,398,373,305,2022-06-21,oczekuje
587,934,887,530,2022-09-28,nie dostarczono
588,440,18,879,2023-05-26,oczekuje
589,482,997,563,2023-02-24,dostarczono
590,217,604,468,2023-03-02,nie dostarczono
591,104,768,787,2023-03-09,oczekuje
592,597,986,218,2022-12-07,nie dostarczono
593,100,283,144,2022-07-16,nie dostarczono
594,668,954,494,2023-05-18,dostarczono
595,907,581,843,2022-12-26,oczekuje
596,608,160,999,2022-12-14,dostarczono
597,486,421,239,2023-04-05,dostarczono
598,91,903,795,2023-02-21,dostarczono
599,309,513,944,2023-01-28,oczekuje
600,485,493,739,2023-05-25,nie dostarczono
601,741,422,832,2023-04-07,dostarczono
602,944,471,727,2023-04-08,dostarczono
603,958,647,57,2023-04-24,nie dostarczono
604,759,128,539,2022-09-05,nie dostarczono
605,243,305,352,2023-04-06,nie dostarczono
606,135,967,148,2023-06-02,oczekuje
607,120,721,323,2022-09-11,dostarczono
608,200,856,935,2022-08-05,nie dostarczono
609,33,861,218,2022-11-28,nie dostarczono
610,748,95,784,2022-07-16,oczekuje
611,248,394,962,2022-10-06,oczekuje
612,647,684,593,2023-05-16,oczekuje
613,582,130,465,2023-04-08,oczekuje
614,238,215,148,2022-09-18,nie dostarczono
615,258,414,655,2023-03-07,dostarczono
616,563,909,336,2023-02-04,dostarczono
617,589,552,11,2022-06-25,nie dostarczono
618,622,634,699,2023-05-29,oczekuje
619,8,48,394,2023-03-28,oczekuje
620,812,835,838,2022-06-17,oczekuje
621,426,24,854,2022-08-23,dostarczono
622,345,746,375,2023-03-04,nie dostarczono
623,958,11,787,2023-02-12,oczekuje
624,74,947,502,2022-09-05,nie dostarczono
625,896,858,99,2022-09-19,nie dostarczono
626,159,774,145,2023-04-04,dostarczono
627,68,705,859,2022-11-06,nie dostarczono
628,586,347,649,2023-03-06,dostarczono
629,39,587,796,2023-05-02,oczekuje
630,294,368,484,2023-02-25,nie dostarczono
631,862,119,776,2023-01-31,nie dostarczono
632,362,609,358,2023-05-21,nie dostarczono
633,86,948,562,2022-07-27,oczekuje
634,170,592,72,2023-04-02,dostarczono
635,993,308,100,2022-09-30,dostarczono
636,724,529,462,2023-03-07,dostarczono
637,937,855,993,2022-09-08,dostarczono
638,36,786,310,2022-09-25,nie dostarczono
639,288,21,691,2023-04-19,dostarczono
640,650,623,347,2022-07-27,oczekuje
641,331,37,781,2022-10-09,oczekuje
642,70,979,194,2023-04-08,nie dostarczono
643,212,610,146,2023-02-25,oczekuje
644,699,915,684,2023-05-01,oczekuje
645,863,699,2,2022-11-13,dostarczono
646,638,845,58,2022-09-15,dostarczono
647,28,349,828,2023-01-13,nie dostarczono
648,385,543,587,2023-02-07,oczekuje
649,443,407,196,2022-10-22,oczekuje
650,270,712,441,2022-11-20,oczekuje
651,100,471,571,2023-05-27,oczekuje
652,987,289,711,2022-12-23,oczekuje
653,311,703,683,2022-07-25,nie dostarczono
654,38,659,52,2023-05-21,dostarczono
655,675,498,418,2023-02-12,dostarczono
656,980,564,997,2022-09-10,nie dostarczono
657,464,772,764,2023-03-25,nie dostarczono
658,685,370,256,2022-09-18,nie dostarczono
659,355,321,834,2023-03-08,oczekuje
660,481,713,819,2022-08-14,oczekuje
661,538,882,413,2022-11-10,dostarczono
662,121,680,707,2023-05-21,nie dostarczono
663,60,7,880,2023-05-08,dostarczono
664,678,490,50,2022-06-23,nie dostarczono
665,445,144,55,2022-09-04,dostarczono
666,482,244,569,2022-12-27,oczekuje
667,410,604,543,2022-07-18,nie dostarczono
668,219,433,912,2022-11-15,oczekuje
669,22,758,165,2022-07-12,oczekuje
670,223,849,657,2022-08-30,oczekuje
671,566,172,987,2023-04-11,dostarczono
672,332,326,588,2022-07-22,dostarczono
673,111,267,117,2023-04-24,oczekuje
674,817,399,712,2022-11-24,nie dostarczono
675,304,518,382,2022-12-16,nie dostarczono
676,197,47,476,2023-03-26,nie dostarczono
677,873,276,202,2023-01-17,nie dostarczono
678,511,498,868,2022-08-13,nie dostarczono
679,679,465,907,2022-12-19,nie dostarczono
680,944,966,475,2023-04-27,oczekuje
681,435,413,642,2023-04-23,nie dostarczono
682,805,190,0,2023-04-24,nie dostarczono
683,478,920,426,2022-10-13,oczekuje
684,884,502,509,2022-06-11,oczekuje
685,789,804,840,2023-01-17,dostarczono
686,169,701,438,2022-06-24,nie dostarczono
687,660,432,316,2022-07-10,dostarczono
688,351,225,339,2023-01-08,dostarczono
689,491,739,243,2022-07-03,nie dostarczono
690,906,51,645,2022-08-31,oczekuje
691,363,953,275,2022-09-02,dostarczono
692,232,995,539,2023-01-23,dostarczono
693,436,45,793,2022-06-25,dostarczono
694,719,363,953,2023-04-17,dostarczono
695,960,64,647,2023-05-23,nie dostarczono
696,911,805,548,2023-02-16,dostarczono
697,663,590,460,2023-03-06,nie dostarczono
698,101,650,469,2022-06-30,dostarczono
699,404,837,419,2023-02-11,oczekuje
700,128,667,179,2022-12-11,dostarczono
701,180,806,430,2022-06-15,oczekuje
702,295,342,723,2022-10-11,dostarczono
703,688,938,945,2022-10-07,oczekuje
704,323,94,911,2022-12-11,nie dostarczono
705,664,748,978,2023-05-11,dostarczono
706,682,254,7,2023-05-31,oczekuje
707,128,427,264,2022-10-29,dostarczono
708,933,984,98,2022-12-25,dostarczono
709,937,721,817,2023-03-03,dostarczono
710,877,560,980,2023-04-16,oczekuje
711,976,345,695,2022-08-08,oczekuje
712,198,160,747,2022-07-02,nie dostarczono
713,685,557,172,2022-06-07,dostarczono
714,993,614,826,2022-07-18,dostarczono
715,564,87,958,2023-04-17,oczekuje
716,359,260,993,2022-12-19,nie dostarczono
717,676,593,48,2022-06-10,nie dostarczono
718,124,63,449,2023-01-29,oczekuje
719,76,687,857,2022-10-20,nie dostarczono
720,578,34,783,2022-11-10,oczekuje
721,379,220,348,2022-12-30,nie dostarczono
722,700,613,319,2023-05-29,dostarczono
723,124,646,390,2022-09-10,dostarczono
724,173,739,364,2023-05-23,oczekuje
725,856,874,620,2022-06-22,nie dostarczono
726,709,518,723,2023-05-06,oczekuje
727,319,420,491,2022-12-12,oczekuje
728,729,166,739,2023-02-09,nie dostarczono
729,883,50,841,2022-08-04,oczekuje
730,903,57,718,2022-07-25,dostarczono
731,569,397,214,2022-12-12,oczekuje
732,189,963,578,2022-09-18,oczekuje
733,409,20,288,2022-07-14,nie dostarczono
734,189,272,417,2023-04-18,nie dostarczono
735,321,332,966,2022-06-14,oczekuje
736,674,773,892,2022-09-05,nie dostarczono
737,727,706,273,2022-12-03,dostarczono
738,201,908,502,2022-08-29,dostarczono
739,870,91,774,2022-10-05,nie dostarczono
740,360,762,838,2023-05-04,nie dostarczono
741,755,595,153,2022-07-01,nie dostarczono
742,556,574,329,2022-10-18,dostarczono
743,930,47,832,2022-10-16,dostarczono
744,916,796,378,2022-09-16,nie dostarczono
745,761,676,322,2022-08-09,oczekuje
746,292,396,481,2022-11-02,nie dostarczono
747,381,620,927,2022-12-26,nie dostarczono
748,593,413,607,2023-02-09,oczekuje
749,135,650,351,2022-11-06,oczekuje
750,216,590,84,2023-02-27,nie dostarczono
751,12,250,975,2022-06-12,nie dostarczono
752,416,805,178,2022-10-24,oczekuje
753,589,101,652,2023-05-12,oczekuje
754,248,278,734,2022-06-10,oczekuje
755,728,322,676,2023-01-15,dostarczono
756,635,965,939,2023-02-21,oczekuje
757,512,380,27,2022-11-15,nie dostarczono
758,54,572,982,2023-01-24,oczekuje
759,572,366,917,2022-07-04,oczekuje
760,57,935,438,2022-11-08,oczekuje
761,180,118,459,2023-03-24,nie dostarczono
762,757,947,774,2023-03-06,oczekuje
763,417,264,365,2022-11-29,dostarczono
764,290,664,107,2022-11-17,dostarczono
765,372,733,946,2022-08-17,oczekuje
766,766,21,229,2022-12-02,dostarczono
767,464,393,293,2022-09-04,nie dostarczono
768,112,681,244,2023-01-12,oczekuje
769,232,116,87,2023-05-10,nie dostarczono
770,928,642,840,2022-12-11,oczekuje
771,861,684,221,2023-04-30,oczekuje
772,898,587,278,2023-04-11,oczekuje
773,414,64,995,2023-02-28,oczekuje
774,589,336,300,2022-08-20,oczekuje
775,146,728,10,2022-12-07,oczekuje
776,29,429,935,2023-04-13,oczekuje
777,904,910,560,2023-03-07,dostarczono
778,68,829,776,2023-04-23,nie dostarczono
779,931,109,182,2023-05-27,dostarczono
780,30,547,829,2023-01-26,nie dostarczono
781,404,39,265,2022-07-20,nie dostarczono
782,499,800,977,2022-11-29,dostarczono
783,191,739,102,2022-12-04,dostarczono
784,878,428,101,2023-03-03,nie dostarczono
785,760,762,815,2022-08-02,oczekuje
786,678,975,786,2023-02-17,oczekuje
787,639,457,842,2022-07-06,nie dostarczono
788,3,276,708,2022-08-10,nie dostarczono
789,8,756,28,2023-01-31,oczekuje
790,898,689,503,2022-08-28,oczekuje
791,191,49,139,2023-01-02,oczekuje
792,81,810,417,2023-03-06,dostarczono
793,120,187,489,2023-05-05,oczekuje
794,586,270,718,2022-09-12,dostarczono
795,393,552,581,2022-11-12,dostarczono
796,805,132,958,2023-04-15,nie dostarczono
797,77,850,484,2022-09-30,nie dostarczono
798,135,420,832,2023-03-30,oczekuje
799,421,803,265,2023-05-28,nie dostarczono
800,349,20,212,2022-11-27,dostarczono
801,923,152,988,2022-12-06,oczekuje
802,724,289,708,2023-04-05,oczekuje
803,340,416,540,2022-09-16,oczekuje
804,805,786,469,2023-01-27,dostarczono
805,3,773,900,2022-12-31,oczekuje
806,199,895,857,2022-09-17,oczekuje
807,807,379,168,2022-08-22,oczekuje
808,753,318,522,2022-11-21,nie dostarczono
809,227,933,141,2022-08-10,nie dostarczono
810,731,275,420,2023-04-29,oczekuje
811,976,258,271,2023-03-18,oczekuje
812,394,42,890,2022-08-03,nie dostarczono
813,259,370,13,2022-10-16,dostarczono
814,512,871,640,2022-07-15,dostarczono
815,157,423,208,2022-08-28,oczekuje
816,271,703,999,2023-02-07,nie dostarczono
817,344,10,577,2022-10-05,oczekuje
818,289,220,93,2022-12-16,nie dostarczono
819,801,146,804,2022-06-20,dostarczono
820,543,190,944,2022-08-11,dostarczono
821,94,999,317,2022-08-28,oczekuje
822,293,891,143,2023-06-01,dostarczono
823,634,358,177,2022-06-11,oczekuje
824,315,343,918,2023-03-17,dostarczono
825,65,392,433,2023-02-12,dostarczono
826,422,302,796,2022-11-14,dostarczono
827,277,583,422,2023-05-02,dostarczono
828,567,11,846,2023-04-30,nie dostarczono
829,354,148,723,2022-10-28,oczekuje
830,773,846,569,2022-10-25,nie dostarczono
831,862,176,474,2023-04-30,oczekuje
832,987,588,31,2022-08-19,nie dostarczono
833,1,475,798,2023-03-17,nie dostarczono
834,930,823,84,2022-09-19,dostarczono
835,546,180,983,2023-05-10,dostarczono
836,549,372,592,2023-05-10,oczekuje
837,925,508,703,2023-04-19,dostarczono
838,245,733,210,2022-10-03,dostarczono
839,418,491,363,2023-04-19,oczekuje
840,202,911,516,2022-10-13,oczekuje
841,854,241,705,2023-05-25,nie dostarczono
842,729,122,870,2022-11-29,nie dostarczono
843,601,332,860,2022-08-05,dostarczono
844,774,170,280,2022-06-04,nie dostarczono
845,673,740,613,2023-02-17,nie dostarczono
846,444,464,894,2022-08-31,dostarczono
847,69,128,414,2022-09-29,nie dostarczono
848,581,61,502,2023-05-14,dostarczono
849,26,66,152,2022-06-26,nie dostarczono
850,552,5,286,2022-06-28,oczekuje
851,933,116,275,2022-06-22,dostarczono
852,47,759,757,2022-09-07,dostarczono
853,835,536,389,2022-07-28,dostarczono
854,21,560,251,2023-02-02,nie dostarczono
855,97,909,212,2023-01-30,dostarczono
856,41,529,550,2023-02-21,nie dostarczono
857,246,361,11,2022-10-30,oczekuje
858,514,558,409,2023-04-24,oczekuje
859,887,547,453,2023-05-26,oczekuje
860,921,254,765,2023-01-23,oczekuje
861,442,730,58,2023-02-22,oczekuje
862,119,78,473,2022-08-09,dostarczono
863,923,493,605,2023-05-31,oczekuje
864,530,161,319,2023-05-05,dostarczono
865,397,155,932,2022-10-14,nie dostarczono
866,277,464,919,2022-09-20,oczekuje
867,51,267,712,2023-02-05,nie dostarczono
868,320,75,116,2022-08-16,nie dostarczono
869,114,718,383,2023-03-16,dostarczono
870,611,453,90,2022-08-16,dostarczono
871,432,280,643,2023-04-25,dostarczono
872,511,679,174,2022-06-21,dostarczono
873,754,696,944,2023-05-11,dostarczono
874,169,214,273,2023-03-16,dostarczono
875,213,477,676,2022-09-13,dostarczono
876,138,61,351,2022-06-19,nie dostarczono
877,271,725,896,2022-09-10,oczekuje
878,196,38,737,2023-03-04,dostarczono
879,907,949,245,2022-08-08,dostarczono
880,616,43,100,2023-03-11,nie dostarczono
881,328,434,959,2022-07-18,oczekuje
882,591,499,665,2022-11-11,oczekuje
883,52,177,20,2022-09-23,nie dostarczono
884,247,197,886,2022-12-06,nie dostarczono
885,40,251,89,2022-12-31,nie dostarczono
886,932,115,111,2023-03-16,dostarczono
887,45,409,566,2022-12-08,nie dostarczono
888,99,764,671,2022-06-09,dostarczono
889,214,560,196,2023-05-13,dostarczono
890,500,19,271,2022-10-20,dostarczono
891,190,284,630,2022-12-08,dostarczono
892,845,287,230,2022-06-18,oczekuje
893,598,106,389,2022-06-09,oczekuje
894,890,607,822,2023-02-18,oczekuje
895,192,881,612,2022-09-15,dostarczono
896,292,4,813,2022-10-11,oczekuje
897,761,643,631,2022-11-17,dostarczono
898,658,645,847,2022-08-18,nie dostarczono
899,117,920,910,2022-06-12,oczekuje
900,796,945,652,2023-05-12,dostarczono
901,970,965,763,2022-09-09,dostarczono
902,812,378,711,2022-08-14,nie dostarczono
903,958,522,63,2022-11-11,dostarczono
904,481,735,230,2023-01-25,oczekuje
905,523,496,735,2023-01-31,dostarczono
906,252,375,328,2022-10-17,nie dostarczono
907,306,106,321,2022-06-30,oczekuje
908,631,757,250,2022-09-28,oczekuje
909,842,286,156,2022-06-28,nie dostarczono
910,858,411,383,2023-03-31,oczekuje
911,281,123,273,2022-07-12,dostarczono
912,983,397,849,2022-11-05,oczekuje
913,813,442,843,2023-01-30,nie dostarczono
914,94,29,445,2023-01-05,dostarczono
915,12,594,170,2022-09-24,nie dostarczono
916,566,418,799,2022-09-03,dostarczono
917,87,84,485,2023-05-12,dostarczono
918,304,663,792,2022-08-10,oczekuje
919,196,148,844,2022-10-07,nie dostarczono
920,996,981,681,2022-10-01,nie dostarczono
921,590,200,612,2023-02-07,oczekuje
922,204,377,748,2023-02-19,dostarczono
923,586,983,113,2022-06-25,dostarczono
924,124,809,490,2022-08-01,nie dostarczono
925,127,69,952,2022-12-22,oczekuje
926,869,701,656,2023-03-07,nie dostarczono
927,922,71,252,2022-08-05,oczekuje
928,452,389,78,2023-01-02,nie dostarczono
929,827,865,481,2022-08-27,nie dostarczono
930,175,24,552,2023-03-31,oczekuje
931,848,522,352,2022-06-22,dostarczono
932,569,36,299,2023-03-08,dostarczono
933,557,886,573,2023-01-31,nie dostarczono
934,85,142,909,2023-03-31,oczekuje
935,529,507,126,2022-08-01,oczekuje
936,759,394,394,2022-06-19,dostarczono
937,705,434,55,2023-03-27,nie dostarczono
938,171,58,18,2022-09-05,oczekuje
939,263,366,595,2023-04-24,nie dostarczono
940,244,923,64,2023-02-19,dostarczono
941,104,366,468,2023-06-01,oczekuje
942,757,919,101,2023-05-29,dostarczono
943,295,810,11,2023-03-17,oczekuje
944,995,718,527,2022-09-21,nie dostarczono
945,46,139,321,2023-02-02,oczekuje
946,702,333,87,2023-03-23,oczekuje
947,290,584,3,2022-08-11,nie dostarczono
948,946,581,262,2022-08-15,nie dostarczono
949,983,537,508,2023-03-21,oczekuje
950,567,431,622,2023-04-13,nie dostarczono
951,231,773,32,2022-12-24,oczekuje
952,95,630,541,2023-05-14,oczekuje
953,698,92,275,2022-06-18,dostarczono
954,803,56,983,2022-12-23,oczekuje
955,673,941,670,2023-03-26,nie dostarczono
956,889,981,771,2023-03-12,oczekuje
957,519,869,477,2022-10-29,oczekuje
958,559,953,883,2022-10-16,nie dostarczono
959,693,687,563,2022-06-29,dostarczono
960,103,133,486,2023-04-29,nie dostarczono
961,199,256,582,2022-09-18,oczekuje
962,422,335,735,2023-02-24,dostarczono
963,36,557,816,2022-12-04,oczekuje
964,490,764,450,2022-07-02,nie dostarczono
965,716,957,548,2022-12-31,dostarczono
966,815,36,658,2022-06-07,oczekuje
967,648,258,328,2022-11-03,nie dostarczono
968,298,63,343,2022-09-19,nie dostarczono
969,786,215,14,2022-07-13,dostarczono
970,709,828,195,2023-02-22,oczekuje
971,186,228,336,2022-08-12,nie dostarczono
972,205,389,116,2023-02-10,dostarczono
973,406,473,808,2023-04-02,nie dostarczono
974,945,456,283,2022-08-16,oczekuje
975,12,667,962,2023-02-04,oczekuje
976,513,205,589,2022-07-25,dostarczono
977,748,850,212,2023-01-21,oczekuje
978,101,835,870,2022-08-20,oczekuje
979,940,213,143,2022-07-19,dostarczono
980,928,939,368,2023-02-13,nie dostarczono
981,280,701,297,2022-08-22,oczekuje
982,481,24,597,2022-09-13,oczekuje
983,410,796,417,2023-04-27,oczekuje
984,289,803,403,2023-03-03,oczekuje
985,742,804,380,2022-07-07,nie dostarczono
986,190,285,541,2023-02-17,nie dostarczono
987,658,375,472,2022-07-06,nie dostarczono
988,704,524,790,2023-03-15,dostarczono
989,643,605,310,2022-10-19,dostarczono
990,209,89,492,2022-09-25,dostarczono
991,202,366,542,2023-02-24,oczekuje
992,164,358,80,2023-02-02,nie dostarczono
993,446,210,261,2023-05-24,dostarczono
994,904,983,454,2023-03-23,nie dostarczono
995,21,14,145,2022-09-03,nie dostarczono
996,855,703,199,2022-06-18,nie dostarczono
997,453,353,859,2023-05-30,nie dostarczono
998,624,933,896,2022-06-29,dostarczono
999,962,650,443,2022-10-19,oczekuje
