0,728,520,237.35,2023-05-19,2023-05-19
1,512,747,206.68,2022-08-19,2023-05-04
2,346,295,56.01,2022-12-20,2023-05-13
3,871,789,65.57,2022-10-18,2023-02-19
4,582,711,723.73,2022-06-05,2022-07-02
5,266,944,504.55,2023-03-12,2023-05-06
6,192,523,97.82,2022-07-14,2022-11-05
7,294,630,177.63,2022-11-04,2022-12-10
8,654,840,135.12,2023-03-21,2023-03-23
9,384,329,446.88,2023-05-27,2023-06-01
10,345,515,572.66,2023-02-17,2023-04-15
11,134,760,699.32,2022-09-01,2023-01-30
12,875,135,758.21,2022-07-12,2022-10-06
13,962,45,193.79,2022-07-15,2023-03-10
14,921,440,139.29,2023-01-03,2023-05-24
15,405,468,714.98,2023-02-16,2023-04-07
16,689,202,501.44,2023-01-16,2023-04-30
17,636,864,786.43,2022-07-24,2022-10-26
18,830,665,296.97,2022-07-27,2023-03-18
19,347,994,685.12,2023-04-28,2023-05-15
20,159,139,339.53,2023-02-26,2023-04-09
21,644,29,231.69,2023-05-29,2023-05-31
22,188,980,758.9,2022-09-22,2022-11-15
23,193,190,633.31,2022-10-29,2023-04-19
24,271,408,573.68,2022-10-01,2023-01-08
25,213,226,138.06,2023-03-30,2023-05-08
26,70,471,534.06,2023-02-20,2023-03-06
27,987,670,437.24,2022-10-01,2022-12-17
28,609,499,482.64,2023-04-08,2023-04-18
29,11,658,132.14,2023-01-03,2023-05-25
30,773,50,517.8,2022-08-23,2022-09-19
31,424,227,246.52,2023-04-19,2023-06-03
32,96,961,711.56,2022-08-04,2023-03-05
33,1,612,654.94,2022-08-31,2023-03-19
34,717,98,196.23,2023-04-03,2023-06-02
35,635,887,481.79,2022-06-06,2022-10-24
36,45,877,779.9,2022-06-07,2023-01-31
37,449,965,633.9,2022-09-25,2023-01-09
38,868,667,176.69,2022-09-02,2023-03-02
39,559,486,639.77,2022-10-20,2023-02-25
40,551,929,787.4,2023-02-03,2023-04-14
41,955,9,622.3,2023-02-05,2023-03-24
42,753,348,711.8,2022-08-22,2022-11-09
43,776,542,721.19,2023-05-31,2023-06-01
44,302,729,546.29,2022-09-19,2022-10-28
45,718,582,762.3,2022-12-19,2023-03-03
46,646,653,255.46,2022-09-19,2022-12-11
47,720,799,80.32,2022-08-26,2022-10-05
48,753,536,354.71,2022-10-21,2023-04-17
49,250,173,556.16,2022-09-03,2023-04-30
50,601,846,60.42,2022-12-07,2023-02-09
51,382,865,67.29,2023-03-22,2023-04-26
52,243,612,139.62,2022-06-14,2023-01-21
53,167,24,430.14,2023-04-25,2023-05-21
54,537,792,138.54,2022-09-15,2023-01-03
55,630,745,528.3,2023-04-19,2023-06-02
56,300,553,452.26,2022-07-16,2022-11-05
57,233,904,215.94,2022-08-29,2023-01-16
58,901,287,129.6,2022-06-13,2022-11-28
59,867,560,337.32,2022-11-05,2022-12-21
60,725,334,364.25,2023-03-28,2023-04-21
61,70,48,615.39,2023-04-15,2023-05-22
62,173,944,240.08,2022-07-06,2022-12-22
63,960,654,324.73,2023-01-06,2023-04-30
64,484,707,128.19,2022-06-24,2022-07-13
65,384,188,552.84,2022-06-29,2022-09-04
66,63,914,208.26,2022-08-12,2023-05-25
67,820,722,130.53,2023-02-04,2023-05-22
68,770,327,631.76,2022-08-29,2023-05-02
69,363,185,420.29,2023-03-09,2023-05-18
70,565,700,319.91,2023-01-03,2023-05-03
71,290,122,522.68,2023-04-29,2023-05-24
72,451,344,569.37,2022-09-16,2023-01-06
73,103,965,216.75,2023-05-05,2023-05-30
74,569,680,681.31,2022-10-11,2022-11-08
75,783,418,376.87,2022-11-16,2023-05-20
76,986,579,517.79,2023-02-19,2023-04-04
77,935,170,725.14,2023-04-05,2023-05-03
78,773,724,230.85,2023-03-31,2023-04-18
79,10,411,190.68,2022-08-12,2023-01-19
80,640,337,219.66,2023-04-19,2023-04-30
81,925,485,281.15,2022-09-10,2023-02-26
82,267,221,563.79,2022-10-04,2023-02-15
83,438,705,281.73,2022-08-29,2023-05-20
84,874,189,689.65,2022-12-26,2023-01-11
85,196,887,375.85,2022-08-23,2022-11-13
86,444,131,658.02,2023-06-02,2023-06-02
87,812,177,286.58,2023-03-29,2023-04-06
88,399,313,400.64,2022-06-04,2022-06-04
89,628,974,655.97,2022-11-03,2023-06-01
90,252,18,202.52,2023-05-29,2023-05-31
91,646,180,330.13,2022-08-09,2022-12-29
92,227,953,361.37,2022-09-17,2023-02-24
93,252,781,331.66,2023-01-19,2023-05-22
94,957,837,85.23,2022-10-16,2023-04-06
95,782,420,92.45,2023-02-14,2023-04-24
96,115,127,347.36,2022-12-10,2023-03-17
97,696,748,571.46,2022-09-18,2023-02-11
98,939,511,300.81,2022-08-18,2022-10-20
99,601,540,789.53,2022-10-16,2023-05-31
100,200,465,674.84,2022-11-21,2022-12-07
101,794,744,383.78,2023-03-12,2023-05-07
102,676,544,332.12,2022-11-16,2023-02-06
103,906,702,720.37,2023-02-15,2023-03-15
104,37,345,448.08,2023-05-12,2023-05-19
105,301,204,508.36,2022-08-30,2022-09-08
106,288,396,670.07,2023-04-21,2023-04-30
107,584,800,92.04,2022-12-21,2023-03-27
108,986,962,431.42,2022-08-24,2023-01-13
109,987,327,124.67,2022-07-31,2023-03-16
110,600,800,68.46,2022-09-28,2023-05-31
111,764,348,194.53,2022-09-03,2022-12-31
112,173,349,480.73,2023-02-11,2023-03-04
113,102,811,422.87,2022-09-21,2023-03-09
114,596,354,783.05,2023-05-28,2023-05-31
115,159,371,706.05,2022-08-21,2022-09-24
116,335,160,711.11,2023-02-07,2023-05-18
117,988,674,229.64,2023-04-23,2023-05-19
118,234,758,356.49,2023-03-02,2023-03-31
119,838,909,710.27,2023-06-02,2023-06-03
120,505,378,331.66,2023-02-27,2023-04-24
121,113,597,50.52,2023-01-29,2023-05-13
122,788,568,282.26,2023-02-16,2023-03-31
123,439,314,427.97,2023-02-06,2023-05-30
124,573,299,283.85,2022-07-16,2022-11-15
125,614,430,267.45,2022-10-20,2023-02-13
126,584,920,609.78,2022-11-18,2023-02-05
127,988,766,115.52,2023-01-17,2023-02-12
128,341,739,571.45,2022-12-10,2023-04-13
129,884,263,326.12,2023-05-22,2023-05-28
130,218,883,319.14,2022-12-11,2023-03-22
131,807,222,198.19,2022-11-01,2023-04-04
132,385,74,511.89,2022-06-12,2023-05-12
133,69,285,279.6,2023-04-07,2023-05-29
134,471,737,276.51,2023-02-20,2023-03-26
135,174,988,235.34,2023-02-22,2023-05-21
136,102,13,104.27,2023-03-13,2023-03-13
137,789,788,463.03,2022-11-06,2022-12-05
138,817,910,310.12,2022-10-14,2023-03-09
139,191,744,707.49,2023-02-12,2023-04-22
140,554,812,55.72,2023-05-30,2023-06-03
141,608,773,693.08,2023-03-19,2023-04-03
142,281,378,97.8,2023-05-26,2023-06-03
143,494,372,321.65,2022-06-14,2023-05-03
144,904,277,196.0,2023-05-26,2023-05-31
145,70,332,705.9,2022-10-27,2023-05-06
146,398,151,212.14,2023-01-14,2023-01-14
147,373,553,119.67,2023-02-06,2023-03-25
148,782,170,144.98,2022-06-12,2023-04-26
149,105,838,589.3,2022-07-30,2023-04-23
150,649,182,244.23,2022-08-06,2022-09-24
151,434,479,558.52,2023-05-31,2023-06-01
152,607,482,197.55,2022-10-30,2022-11-01
153,265,195,226.99,2022-12-20,2023-01-02
154,959,839,617.68,2023-02-16,2023-03-28
155,756,11,225.58,2022-09-25,2023-01-12
156,120,166,440.55,2023-02-21,2023-05-16
157,164,628,510.58,2023-05-05,2023-05-18
158,838,630,338.33,2022-06-11,2022-10-27
159,66,631,722.11,2022-06-22,2023-01-13
160,343,116,362.54,2022-09-06,2022-09-16
161,747,889,682.36,2023-05-11,2023-06-01
162,2,703,320.06,2022-11-25,2023-02-27
163,915,81,112.15,2023-02-28,2023-03-22
164,442,436,436.05,2023-02-14,2023-05-12
165,459,3,252.1,2023-02-11,2023-02-16
166,427,796,725.66,2022-07-05,2023-05-19
167,216,934,786.0,2022-09-08,2023-02-12
168,371,877,107.57,2023-05-02,2023-05-07
169,86,284,135.56,2022-10-11,2023-05-28
170,365,299,623.4,2022-09-14,2023-04-11
171,956,991,769.27,2023-02-03,2023-04-06
172,556,963,404.85,2023-05-06,2023-05-27
173,512,244,148.88,2022-07-01,2022-08-08
174,820,441,396.18,2022-08-16,2022-09-19
175,172,934,51.05,2022-09-25,2023-05-28
176,1,893,388.81,2022-12-19,2023-02-27
177,769,682,309.27,2022-08-29,2023-01-26
178,636,48,415.06,2023-03-29,2023-05-07
179,109,409,208.73,2023-03-15,2023-05-25
180,299,468,468.72,2022-11-26,2023-04-24
181,466,308,719.61,2023-05-17,2023-05-30
182,538,921,100.03,2022-07-21,2023-01-24
183,745,497,540.3,2023-01-04,2023-02-28
184,962,784,683.27,2023-02-04,2023-02-27
185,730,600,543.61,2022-08-29,2022-10-08
186,696,110,570.12,2023-04-30,2023-05-07
187,885,865,93.81,2023-05-12,2023-06-03
188,142,717,728.38,2022-09-10,2022-12-17
189,343,636,689.47,2023-01-17,2023-01-20
190,684,721,415.68,2022-10-12,2022-10-16
191,776,4,504.5,2023-05-26,2023-06-01
192,519,919,715.98,2022-09-15,2022-10-15
193,405,977,230.67,2022-08-17,2023-02-20
194,503,709,96.15,2023-03-18,2023-04-03
195,718,452,497.16,2022-09-22,2023-05-19
196,544,870,628.59,2022-06-04,2023-04-06
197,145,647,394.0,2023-04-17,2023-05-23
198,225,444,88.04,2022-07-19,2022-07-30
199,761,404,712.87,2022-11-20,2023-01-04
200,746,617,146.68,2023-01-14,2023-02-06
201,407,86,210.24,2022-10-19,2023-03-08
202,312,199,532.17,2023-02-12,2023-02-14
203,429,954,633.58,2023-05-12,2023-05-30
204,665,438,757.49,2022-08-25,2022-11-26
205,826,115,305.54,2022-07-20,2023-05-12
206,12,172,162.26,2022-10-27,2023-03-31
207,450,53,214.84,2022-09-17,2022-11-04
208,604,232,196.29,2022-10-17,2023-02-28
209,511,303,455.88,2023-01-24,2023-03-20
210,276,742,59.11,2022-08-13,2023-02-20
211,113,934,596.57,2022-09-14,2022-10-09
212,41,528,431.4,2022-09-16,2022-12-15
213,223,577,68.84,2023-01-10,2023-02-12
214,637,663,795.12,2022-09-29,2023-02-08
215,249,192,603.48,2022-12-26,2023-04-22
216,657,359,402.84,2023-03-22,2023-05-13
217,794,486,393.27,2023-02-20,2023-05-07
218,493,266,106.74,2022-12-07,2023-05-29
219,40,674,202.68,2022-10-28,2023-03-03
220,620,712,576.54,2022-11-30,2022-12-15
221,55,573,564.44,2022-08-08,2023-04-20
222,737,274,288.77,2022-07-26,2023-02-02
223,285,344,557.17,2023-05-14,2023-05-29
224,750,9,479.11,2022-08-11,2022-11-15
225,254,321,793.64,2022-11-20,2022-11-26
226,577,78,737.19,2022-11-19,2022-12-27
227,443,365,195.96,2022-06-19,2022-12-11
228,463,636,92.41,2022-11-13,2022-11-15
229,281,258,101.5,2023-03-20,2023-05-24
230,506,372,287.02,2022-10-08,2022-12-23
231,914,886,158.7,2023-03-14,2023-04-16
232,225,103,184.46,2023-04-11,2023-04-11
233,636,170,765.15,2023-05-20,2023-05-20
234,586,308,749.47,2023-03-01,2023-04-06
235,412,72,728.26,2022-06-21,2022-12-29
236,684,77,53.56,2022-11-25,2023-01-05
237,161,952,578.96,2022-12-21,2023-02-21
238,230,945,302.74,2022-11-13,2022-12-15
239,200,84,363.24,2022-11-28,2023-05-29
240,942,636,154.05,2023-02-13,2023-03-01
241,848,106,552.2,2022-08-12,2023-01-14
242,762,412,268.34,2022-08-23,2022-12-27
243,727,64,693.44,2022-09-17,2023-05-16
244,316,102,237.93,2023-03-23,2023-03-24
245,491,979,527.5,2022-10-25,2023-04-15
246,357,338,68.78,2022-07-02,2023-02-24
247,487,677,676.42,2022-07-22,2022-07-23
248,187,127,82.74,2022-09-05,2023-04-25
249,376,268,76.06,2023-04-17,2023-05-10
250,254,990,206.28,2022-08-14,2022-10-01
251,669,373,283.28,2023-02-15,2023-02-15
252,666,509,338.63,2023-01-07,2023-03-19
253,871,886,435.21,2023-03-10,2023-03-12
254,9,215,285.13,2022-10-24,2023-05-04
255,55,228,88.71,2022-11-11,2023-04-07
256,205,567,53.28,2022-07-25,2022-12-05
257,20,229,566.08,2022-06-13,2022-07-09
258,347,895,399.23,2022-10-06,2023-01-30
259,767,9,421.13,2023-03-13,2023-03-31
260,972,209,563.36,2022-08-04,2022-09-15
261,393,421,489.13,2022-10-14,2023-02-03
262,335,372,413.59,2022-12-11,2022-12-20
263,612,917,473.04,2022-07-06,2023-03-19
264,392,91,236.79,2023-01-06,2023-03-06
265,607,43,57.59,2022-11-21,2023-04-19
266,592,77,87.95,2023-03-23,2023-03-23
267,138,238,628.42,2022-12-19,2022-12-24
268,444,766,176.27,2022-07-13,2023-05-13
269,554,557,149.2,2023-03-16,2023-05-07
270,936,798,595.21,2023-05-06,2023-05-23
271,290,469,202.65,2022-10-15,2023-02-17
272,862,983,183.1,2022-09-23,2023-03-11
273,181,374,679.08,2023-04-22,2023-05-25
274,111,789,610.63,2022-06-27,2022-12-29
275,615,277,318.09,2023-04-10,2023-05-03
276,397,482,712.53,2023-05-19,2023-05-30
277,857,792,477.97,2022-07-15,2022-08-06
278,740,520,692.29,2022-07-04,2023-05-27
279,458,357,792.38,2023-05-06,2023-05-27
280,629,832,261.48,2022-12-21,2022-12-27
281,876,29,279.18,2022-08-29,2023-02-12
282,614,237,318.83,2022-06-22,2023-02-01
283,546,57,536.98,2022-08-16,2023-04-19
284,204,414,298.75,2022-09-06,2022-12-25
285,920,0,126.13,2022-11-12,2023-04-05
286,139,124,643.29,2022-08-09,2023-02-04
287,322,595,756.12,2022-08-11,2022-09-26
288,416,590,217.04,2022-12-06,2023-02-09
289,987,948,643.76,2022-11-16,2023-04-11
290,140,14,161.35,2022-06-20,2022-07-18
291,306,617,600.7,2022-12-24,2023-01-19
292,300,903,114.98,2023-01-19,2023-01-21
293,742,950,691.94,2023-03-31,2023-04-24
294,693,491,676.4,2022-11-29,2023-04-19
295,211,160,278.07,2023-05-01,2023-05-04
296,511,56,210.3,2022-06-24,2023-06-01
297,291,447,332.47,2022-08-08,2023-04-26
298,97,867,398.22,2022-06-17,2022-09-15
299,902,212,411.79,2022-07-07,2023-05-07
300,369,379,563.22,2023-01-25,2023-03-08
301,807,28,252.54,2023-04-24,2023-06-01
302,642,586,318.08,2022-09-18,2022-11-05
303,144,636,136.89,2023-03-22,2023-04-24
304,85,426,426.79,2022-11-15,2023-03-10
305,297,194,593.14,2022-10-16,2023-03-22
306,240,525,537.18,2022-08-08,2023-02-08
307,76,895,210.06,2023-04-11,2023-05-05
308,985,853,288.32,2022-10-10,2023-01-09
309,894,529,91.83,2023-01-10,2023-05-27
310,53,109,549.63,2022-06-28,2023-04-13
311,650,344,519.19,2022-11-08,2023-04-13
312,615,699,765.6,2023-04-16,2023-05-11
313,787,650,534.17,2023-05-15,2023-05-24
314,381,224,631.62,2023-04-08,2023-05-16
315,742,787,351.3,2023-05-19,2023-05-24
316,490,835,550.06,2022-10-11,2022-12-09
317,218,318,600.52,2023-01-14,2023-04-18
318,576,465,362.54,2022-07-28,2022-08-26
319,390,5,188.08,2022-08-25,2023-01-08
320,385,638,213.88,2023-03-11,2023-05-20
321,545,984,462.57,2023-04-22,2023-06-02
322,462,629,667.68,2023-01-15,2023-04-28
323,554,198,751.22,2023-05-08,2023-06-02
324,758,276,131.69,2022-12-19,2023-01-10
325,515,555,451.76,2022-06-15,2023-01-04
326,60,467,63.38,2023-04-05,2023-05-30
327,427,282,231.12,2022-08-27,2022-11-07
328,177,457,239.71,2022-10-26,2023-01-11
329,677,321,470.84,2023-02-21,2023-05-04
330,619,827,261.53,2022-07-19,2023-01-25
331,774,19,218.71,2022-09-14,2022-12-28
332,540,831,655.18,2022-12-04,2023-06-03
333,184,342,100.01,2022-11-02,2023-03-19
334,120,893,238.21,2022-09-16,2022-12-02
335,335,700,689.42,2022-06-08,2022-07-02
336,139,878,452.83,2022-07-05,2022-11-23
337,660,746,687.14,2022-11-16,2023-05-25
338,846,824,538.28,2022-10-27,2023-01-05
339,478,740,352.72,2022-06-12,2022-07-01
340,599,750,98.48,2022-08-28,2023-01-09
341,175,624,148.04,2023-04-23,2023-05-11
342,410,668,341.12,2023-02-06,2023-03-15
343,738,469,228.62,2023-01-15,2023-05-19
344,644,244,760.31,2022-09-17,2023-01-15
345,753,215,420.42,2022-08-01,2022-08-01
346,181,611,414.78,2023-04-07,2023-05-13
347,364,173,433.96,2023-05-18,2023-05-25
348,949,703,272.04,2023-05-05,2023-05-31
349,653,150,75.56,2023-03-22,2023-04-14
350,322,721,133.05,2022-09-05,2022-09-16
351,387,312,497.71,2022-09-20,2023-02-20
352,391,552,145.45,2022-12-21,2023-05-18
353,678,85,222.22,2023-05-04,2023-05-12
354,69,439,487.91,2022-10-27,2023-05-09
355,41,525,193.37,2023-05-07,2023-05-19
356,750,983,575.4,2022-06-21,2023-02-23
357,286,956,525.11,2023-03-15,2023-03-19
358,416,881,352.63,2022-09-20,2023-05-28
359,149,230,321.7,2023-01-09,2023-02-11
360,134,805,782.21,2022-08-08,2022-12-17
361,254,637,200.86,2022-12-03,2023-05-27
362,701,151,723.42,2023-03-22,2023-05-30
363,630,548,189.3,2022-08-13,2023-05-16
364,112,702,476.41,2022-06-05,2023-03-20
365,521,764,80.3,2023-04-08,2023-05-13
366,177,983,539.38,2023-05-29,2023-05-30
367,73,744,702.89,2022-07-05,2023-03-27
368,184,177,272.57,2022-07-21,2022-10-24
369,852,763,708.34,2023-01-08,2023-03-07
370,766,485,191.74,2022-10-25,2023-04-27
371,721,362,392.15,2022-06-06,2022-11-13
372,140,469,488.79,2023-03-06,2023-04-24
373,538,183,545.19,2022-12-10,2023-01-18
374,916,175,56.92,2022-07-24,2022-12-01
375,683,664,98.27,2022-10-01,2022-11-24
376,320,313,351.38,2023-02-18,2023-03-04
377,716,703,151.03,2022-11-30,2023-04-20
378,385,371,142.62,2022-12-27,2023-04-13
379,320,243,190.44,2022-09-07,2022-12-18
380,969,442,219.16,2022-11-21,2022-11-28
381,868,565,386.61,2022-06-07,2023-02-23
382,93,319,105.18,2022-11-25,2023-01-11
383,686,832,619.69,2023-04-06,2023-06-02
384,701,10,546.93,2022-09-11,2022-11-20
385,249,715,226.18,2022-08-14,2023-01-30
386,131,617,302.95,2022-10-03,2023-01-29
387,43,248,319.12,2022-09-09,2022-12-22
388,974,874,712.54,2023-02-23,2023-05-13
389,839,29,739.94,2023-03-27,2023-04-27
390,992,282,767.58,2023-06-02,2023-06-03
391,878,521,597.28,2022-10-27,2023-03-15
392,646,29,67.58,2022-11-20,2023-05-09
393,632,278,740.76,2022-06-25,2022-06-28
394,48,658,427.26,2023-02-10,2023-04-30
395,865,379,321.4,2022-11-14,2023-02-22
396,561,13,82.7,2023-02-01,2023-04-06
397,762,380,63.56,2022-07-04,2022-09-16
398,739,618,573.85,2022-09-20,2022-12-19
399,392,483,506.92,2023-05-09,2023-05-26
400,536,7,253.29,2022-06-16,2022-10-27
401,11,413,568.69,2022-09-22,2023-02-13
402,846,870,594.51,2022-11-19,2023-03-03
403,904,266,303.87,2023-04-12,2023-05-10
404,83,558,242.63,2022-07-25,2022-08-04
405,337,402,96.28,2023-01-19,2023-02-16
406,899,928,272.39,2022-06-11,2022-07-23
407,801,840,202.46,2022-08-05,2023-01-17
408,92,825,250.96,2022-06-27,2023-05-10
409,516,966,82.74,2023-02-21,2023-04-15
410,797,322,294.71,2023-01-18,2023-04-21
411,698,893,730.29,2022-09-23,2022-10-03
412,77,180,668.73,2022-06-26,2022-11-08
413,284,728,677.3,2022-09-22,2023-03-18
414,250,275,52.47,2022-07-28,2022-11-10
415,875,472,639.16,2023-02-05,2023-04-12
416,660,263,561.38,2023-03-22,2023-04-20
417,662,512,238.36,2023-03-23,2023-06-02
418,651,414,327.84,2023-03-28,2023-05-29
419,967,170,536.17,2022-11-16,2023-03-24
420,812,971,539.21,2023-04-02,2023-04-19
421,825,580,304.83,2022-12-31,2023-01-07
422,259,696,504.16,2022-06-30,2022-09-03
423,927,442,543.87,2022-10-10,2022-12-11
424,601,576,542.97,2022-10-06,2022-12-08
425,0,610,576.54,2023-01-03,2023-04-04
426,27,761,616.32,2022-10-28,2023-02-22
427,79,118,341.59,2023-05-15,2023-05-29
428,515,626,67.27,2022-11-03,2023-01-30
429,110,870,396.06,2022-12-03,2023-05-29
430,321,237,363.29,2022-12-22,2023-01-14
431,758,716,84.75,2022-12-24,2023-01-25
432,364,807,138.65,2022-09-09,2023-01-18
433,25,159,190.55,2023-01-17,2023-05-30
434,379,181,114.01,2022-06-25,2022-08-04
435,978,85,51.6,2023-05-28,2023-06-02
436,758,571,80.8,2023-01-13,2023-01-19
437,143,116,249.63,2022-09-19,2022-10-13
438,758,282,297.78,2023-06-01,2023-06-02
439,329,789,362.34,2022-06-22,2023-01-31
440,372,933,509.25,2023-03-05,2023-04-22
441,702,734,148.38,2023-01-19,2023-05-02
442,985,233,525.17,2022-08-25,2023-01-12
443,70,139,468.23,2022-11-18,2022-12-22
444,518,845,615.26,2023-05-11,2023-05-17
445,372,315,630.19,2023-05-02,2023-05-30
446,867,550,453.31,2023-02-10,2023-02-22
447,465,785,777.32,2023-04-13,2023-05-28
448,514,543,358.37,2023-02-27,2023-03-27
449,416,408,715.41,2023-04-15,2023-05-11
450,109,648,439.94,2022-09-30,2022-10-29
451,85,579,392.94,2022-12-20,2023-05-23
452,192,455,61.87,2022-12-30,2023-01-09
453,137,352,435.98,2022-12-26,2023-01-08
454,784,43,544.5,2023-05-24,2023-06-03
455,201,240,411.94,2023-03-21,2023-05-02
456,605,430,626.64,2022-10-03,2022-12-27
457,615,738,147.6,2022-06-20,2023-05-23
458,654,395,344.59,2022-07-26,2023-01-19
459,647,611,400.22,2022-07-21,2022-08-29
460,621,480,467.36,2023-01-24,2023-04-18
461,174,359,758.89,2022-10-18,2023-05-17
462,882,593,707.15,2023-02-19,2023-06-02
463,834,177,522.45,2023-04-09,2023-05-10
464,597,862,58.92,2022-11-19,2023-02-27
465,0,639,116.09,2023-01-10,2023-03-02
466,474,590,643.8,2023-02-06,2023-04-04
467,252,387,725.6,2022-10-13,2023-02-03
468,790,112,734.89,2023-01-29,2023-03-04
469,826,584,676.58,2023-01-14,2023-03-18
470,710,638,218.94,2022-10-24,2023-01-14
471,997,734,222.16,2023-05-04,2023-05-11
472,152,501,773.44,2023-02-06,2023-03-17
473,33,263,774.6,2022-06-10,2023-05-01
474,245,609,289.0,2022-11-11,2023-05-18
475,374,152,753.66,2022-12-14,2022-12-16
476,207,374,684.83,2023-03-07,2023-04-30
477,717,271,207.78,2023-03-10,2023-04-18
478,659,167,687.13,2022-11-20,2022-12-29
479,209,539,164.51,2022-12-11,2023-02-21
480,317,221,703.14,2023-01-25,2023-05-17
481,64,759,201.03,2022-08-16,2022-10-23
482,235,28,733.54,2022-12-09,2023-03-11
483,662,479,191.59,2022-12-15,2022-12-19
484,906,824,218.07,2022-11-20,2023-04-15
485,486,547,484.93,2023-05-18,2023-05-31
486,847,329,523.4,2023-01-18,2023-01-30
487,132,257,272.37,2023-04-26,2023-05-19
488,413,448,741.59,2022-10-25,2023-03-19
489,586,630,87.24,2023-02-10,2023-05-04
490,348,747,403.67,2023-03-25,2023-04-21
491,632,189,731.01,2022-06-14,2022-07-10
492,751,283,110.24,2022-10-12,2023-03-29
493,552,625,274.6,2023-05-09,2023-05-21
494,639,706,83.92,2022-08-14,2022-08-29
495,243,871,259.35,2022-08-13,2022-10-05
496,224,852,755.29,2022-12-04,2023-04-19
497,42,288,714.96,2023-02-14,2023-03-16
498,428,978,528.38,2023-03-24,2023-03-29
499,543,343,407.71,2023-05-17,2023-05-18
500,113,863,208.95,2022-09-08,2023-03-14
501,50,153,409.21,2023-05-07,2023-06-03
502,250,962,749.21,2023-03-28,2023-05-23
503,996,458,262.32,2022-10-09,2023-01-10
504,450,410,367.05,2022-10-29,2023-04-09
505,158,404,735.52,2023-01-03,2023-02-08
506,124,377,263.64,2023-04-07,2023-05-21
507,161,946,509.57,2023-04-14,2023-04-22
508,317,90,464.4,2023-05-25,2023-06-03
509,872,157,284.94,2023-02-28,2023-05-02
510,763,975,495.91,2022-08-13,2023-03-17
511,124,362,127.27,2022-07-04,2022-11-11
512,358,28,754.62,2022-12-06,2023-02-01
513,918,662,175.72,2022-09-06,2023-01-14
514,202,638,561.57,2022-06-06,2022-07-13
515,983,914,769.66,2022-12-04,2023-02-26
516,758,319,244.58,2023-06-02,2023-06-03
517,487,394,560.16,2023-02-14,2023-04-12
518,149,6,441.85,2023-01-03,2023-05-28
519,103,933,580.2,2023-05-22,2023-05-26
520,53,317,602.91,2022-07-24,2022-09-16
521,495,492,121.83,2023-04-12,2023-04-30
522,122,778,775.87,2023-03-29,2023-04-10
523,379,755,349.47,2022-12-12,2023-05-28
524,862,200,205.64,2023-05-24,2023-05-24
525,890,287,631.73,2023-04-25,2023-04-28
526,767,88,332.85,2023-03-25,2023-04-20
527,225,477,670.28,2022-12-23,2023-02-20
528,627,405,576.9,2023-04-29,2023-05-10
529,459,304,203.45,2023-03-25,2023-06-02
530,214,110,206.57,2023-02-14,2023-04-29
531,529,715,572.34,2022-08-09,2022-08-31
532,324,780,73.42,2022-07-23,2023-05-11
533,291,402,349.84,2023-02-12,2023-02-25
534,100,227,593.7,2022-08-05,2022-11-12
535,50,505,714.53,2022-08-19,2023-01-26
536,451,869,100.19,2023-04-16,2023-05-16
537,928,169,735.04,2022-11-13,2023-03-16
538,633,185,768.98,2022-08-29,2023-02-22
539,859,818,652.88,2022-09-09,2023-02-12
540,480,920,179.02,2022-08-09,2022-11-08
541,255,367,610.17,2023-03-28,2023-05-04
542,640,880,213.13,2023-01-17,2023-03-19
543,988,321,693.3,2022-12-30,2023-01-17
544,516,845,387.53,2023-02-22,2023-05-01
545,473,784,78.14,2023-04-30,2023-06-02
546,177,773,617.86,2022-09-11,2023-03-14
547,637,989,484.63,2023-04-18,2023-05-28
548,817,713,175.4,2022-06-21,2022-10-02
549,453,92,652.99,2022-11-08,2023-03-21
550,240,104,96.27,2023-03-06,2023-04-15
551,293,332,157.57,2022-06-25,2023-04-09
552,626,584,495.27,2023-05-13,2023-05-23
553,674,580,430.89,2022-08-05,2023-01-05
554,618,611,453.77,2022-06-09,2023-04-01
555,248,108,703.35,2022-12-29,2022-12-31
556,421,155,780.24,2023-01-22,2023-05-29
557,294,739,741.58,2023-02-07,2023-03-10
558,902,225,480.3,2023-01-20,2023-02-26
559,362,356,323.24,2022-10-12,2023-02-17
560,976,312,303.69,2022-11-16,2022-11-26
561,429,571,51.35,2023-01-05,2023-04-15
562,6,521,333.18,2022-09-29,2023-02-24
563,95,288,169.63,2023-05-18,2023-05-21
564,691,615,279.32,2023-05-24,2023-05-25
565,892,906,660.58,2023-01-27,2023-03-16
566,685,406,790.83,2022-10-07,2022-11-29
567,930,631,426.69,2023-03-23,2023-04-22
568,792,473,214.54,2022-08-21,2022-09-24
569,263,416,436.96,2023-05-10,2023-05-28
570,288,30,118.41,2023-04-06,2023-05-14
571,967,587,304.04,2023-05-09,2023-05-22
572,827,215,261.45,2023-03-15,2023-05-22
573,705,81,444.4,2023-05-13,2023-05-16
574,479,541,587.62,2023-02-09,2023-03-15
575,141,554,726.94,2022-08-09,2023-03-28
576,150,1,288.88,2023-01-10,2023-02-25
577,574,944,678.36,2023-04-04,2023-05-27
578,785,814,722.61,2023-01-01,2023-05-02
579,994,826,472.47,2022-11-02,2022-11-09
580,751,654,789.19,2023-05-23,2023-05-31
581,740,415,87.45,2022-09-03,2022-09-04
582,905,734,317.17,2023-03-08,2023-05-11
583,814,177,176.61,2022-06-22,2022-10-14
584,802,499,304.74,2022-09-17,2022-10-10
585,427,104,242.24,2022-10-03,2023-04-21
586,57,114,208.03,2023-02-28,2023-04-04
587,713,50,486.59,2023-02-15,2023-05-09
588,589,864,114.42,2022-09-29,2023-04-03
589,630,345,706.22,2022-12-30,2023-05-10
590,671,900,143.1,2022-12-12,2023-04-09
591,437,283,431.05,2022-11-17,2023-04-19
592,465,420,351.87,2023-03-17,2023-04-01
593,963,495,406.68,2022-08-23,2023-02-01
594,845,744,289.23,2022-11-10,2023-03-24
595,32,587,719.67,2022-06-03,2023-01-19
596,234,324,476.86,2023-03-13,2023-03-14
597,196,824,736.65,2023-03-06,2023-05-20
598,910,127,629.19,2022-08-04,2023-05-28
599,515,322,611.58,2023-03-06,2023-03-15
600,142,242,131.26,2023-04-08,2023-05-15
601,117,204,527.42,2023-05-13,2023-05-19
602,542,344,637.44,2022-10-18,2023-05-31
603,460,593,134.97,2023-01-03,2023-02-24
604,108,306,386.32,2022-08-03,2023-01-24
605,996,347,537.58,2023-01-25,2023-05-28
606,897,804,451.73,2022-12-11,2023-01-30
607,559,149,408.83,2023-03-08,2023-05-16
608,981,684,271.14,2023-02-27,2023-04-14
609,670,563,67.93,2023-02-14,2023-05-08
610,555,120,756.41,2022-06-20,2023-05-22
611,937,841,656.61,2023-01-21,2023-05-21
612,893,299,174.67,2023-03-15,2023-05-25
613,145,383,333.73,2022-08-26,2022-10-20
614,765,844,698.57,2022-09-17,2022-11-20
615,327,49,270.22,2023-04-09,2023-06-01
616,721,973,550.64,2023-02-07,2023-03-20
617,437,256,736.51,2022-06-13,2022-10-04
618,279,682,671.1,2022-11-25,2023-05-27
619,983,388,599.09,2023-01-06,2023-03-05
620,78,774,462.25,2022-07-20,2023-04-02
621,939,11,702.32,2022-12-05,2023-04-04
622,482,345,242.76,2022-08-26,2022-09-19
623,444,199,366.22,2022-07-24,2022-08-09
624,501,314,66.52,2022-06-22,2022-08-02
625,972,398,166.47,2023-03-12,2023-03-21
626,432,208,736.58,2022-10-16,2022-11-19
627,326,826,71.79,2022-08-03,2023-01-30
628,960,526,704.8,2022-10-25,2022-10-27
629,350,546,421.04,2022-07-04,2023-02-01
630,501,378,516.72,2022-12-19,2023-02-13
631,995,583,358.53,2023-05-16,2023-06-02
632,420,583,299.42,2022-07-03,2023-03-17
633,4,349,373.82,2022-08-31,2022-10-28
634,530,643,104.56,2022-10-20,2022-11-24
635,62,466,513.88,2022-07-23,2022-09-03
636,397,967,295.63,2022-11-03,2023-04-29
637,552,182,242.7,2023-05-22,2023-06-02
638,960,67,519.83,2023-05-07,2023-05-15
639,947,638,270.2,2022-10-10,2022-10-17
640,79,30,90.62,2023-01-18,2023-03-25
641,360,353,430.28,2022-10-05,2022-11-02
642,802,564,422.9,2022-10-04,2022-12-14
643,694,92,179.69,2022-08-20,2022-10-18
644,153,500,417.18,2022-09-10,2022-11-23
645,895,777,417.81,2022-12-23,2023-05-25
646,564,752,178.75,2022-08-28,2022-10-27
647,534,994,371.09,2023-01-10,2023-01-11
648,781,736,135.39,2023-05-02,2023-05-25
649,866,852,317.43,2022-07-16,2022-10-19
650,866,376,714.73,2023-03-16,2023-04-26
651,248,151,445.2,2022-09-22,2022-11-15
652,143,301,291.3,2022-06-22,2022-07-17
653,281,221,780.72,2023-01-01,2023-02-28
654,722,753,285.17,2023-01-25,2023-04-15
655,833,463,499.9,2022-09-15,2023-02-01
656,970,738,579.52,2022-10-30,2022-11-15
657,483,29,654.86,2023-03-28,2023-05-01
658,835,765,470.22,2023-03-31,2023-04-13
659,466,704,307.34,2022-10-10,2023-03-19
660,823,662,342.43,2022-08-17,2023-03-06
661,687,865,550.28,2022-12-24,2023-03-30
662,916,583,189.3,2023-05-18,2023-05-26
663,112,216,543.26,2022-08-12,2022-11-11
664,64,155,298.52,2023-01-31,2023-05-09
665,516,826,98.88,2022-10-11,2023-04-05
666,975,224,280.64,2023-03-10,2023-04-29
667,134,335,341.69,2022-07-09,2022-08-08
668,509,461,685.49,2022-11-27,2023-01-11
669,369,59,456.36,2023-01-09,2023-04-22
670,834,216,368.38,2023-03-01,2023-04-18
671,924,714,351.93,2022-12-12,2023-04-09
672,149,366,178.95,2022-06-15,2023-03-30
673,811,300,358.31,2023-03-19,2023-03-26
674,486,563,179.26,2022-12-25,2023-01-17
675,217,228,729.46,2022-08-30,2022-12-18
676,105,343,452.57,2022-07-31,2023-03-15
677,448,52,400.56,2023-05-26,2023-05-26
678,942,791,718.87,2022-08-06,2023-03-26
679,167,415,61.79,2022-08-25,2023-06-02
680,718,617,174.78,2023-03-26,2023-05-17
681,178,144,529.34,2023-03-08,2023-03-28
682,644,494,393.36,2023-03-24,2023-04-27
683,624,752,552.91,2022-06-04,2022-09-17
684,32,275,113.67,2022-06-23,2023-01-02
685,19,186,726.97,2022-07-28,2022-12-24
686,404,488,317.99,2023-02-10,2023-03-04
687,860,876,572.46,2022-09-30,2022-11-02
688,908,776,65.75,2023-01-27,2023-04-29
689,288,696,659.9,2022-10-13,2023-02-17
690,733,448,146.93,2023-03-10,2023-04-29
691,213,96,179.24,2023-01-01,2023-01-08
692,218,966,78.46,2022-07-17,2022-09-19
693,971,740,557.77,2023-01-14,2023-04-19
694,477,799,623.06,2022-06-15,2023-01-04
695,298,941,196.37,2022-09-20,2022-09-23
696,864,885,636.79,2022-09-26,2022-11-14
697,146,628,177.75,2022-07-31,2023-03-30
698,140,616,262.43,2022-07-16,2022-11-26
699,738,623,303.37,2023-02-05,2023-03-31
700,990,738,357.09,2023-04-08,2023-05-06
701,493,525,140.05,2022-09-08,2023-01-22
702,238,962,137.68,2022-06-12,2023-04-23
703,893,76,725.12,2023-02-26,2023-05-15
704,469,791,64.54,2023-01-31,2023-02-16
705,910,10,240.28,2023-02-12,2023-05-03
706,580,601,105.69,2023-05-05,2023-05-09
707,227,850,698.47,2023-05-15,2023-05-26
708,586,441,292.8,2023-02-02,2023-03-19
709,780,692,573.01,2022-06-30,2022-08-27
710,256,410,678.62,2022-07-12,2023-05-18
711,361,244,679.75,2022-10-06,2023-05-16
712,694,900,207.11,2023-02-08,2023-03-08
713,38,847,350.14,2022-09-07,2022-11-07
714,660,787,591.02,2022-10-17,2023-03-23
715,328,966,383.08,2023-05-01,2023-05-04
716,409,811,118.82,2022-09-08,2023-05-12
717,732,875,205.61,2022-06-21,2022-12-15
718,294,146,676.66,2023-01-28,2023-02-21
719,51,918,240.32,2022-07-17,2023-01-20
720,310,789,452.07,2022-08-07,2022-10-23
721,819,963,546.74,2022-11-02,2023-01-05
722,142,371,120.91,2023-04-19,2023-04-30
723,934,328,427.39,2022-11-30,2022-12-23
724,425,266,337.01,2022-11-12,2023-05-11
725,625,995,263.9,2023-02-27,2023-05-06
726,30,847,426.06,2023-02-26,2023-04-29
727,632,271,685.79,2022-07-25,2023-05-14
728,913,332,529.37,2023-01-25,2023-05-16
729,157,723,446.9,2023-02-27,2023-04-23
730,497,572,68.34,2022-11-28,2023-03-10
731,343,661,628.41,2022-09-02,2022-10-25
732,765,569,482.0,2023-02-26,2023-03-08
733,65,356,657.76,2023-01-26,2023-02-18
734,119,688,755.45,2023-03-06,2023-05-04
735,802,277,640.8,2023-03-09,2023-05-01
736,923,43,54.39,2023-03-22,2023-05-24
737,1,60,735.99,2022-11-05,2022-11-09
738,818,846,746.47,2022-07-25,2022-11-27
739,186,255,669.32,2022-10-24,2023-05-07
740,845,601,623.34,2022-10-06,2023-04-18
741,379,568,497.04,2023-05-16,2023-05-30
742,998,177,570.55,2022-08-11,2022-10-17
743,541,503,224.67,2022-07-28,2022-12-09
744,504,746,102.82,2023-02-28,2023-04-18
745,992,549,583.58,2023-04-10,2023-04-26
746,677,454,182.54,2022-08-31,2023-04-26
747,976,410,210.09,2023-03-14,2023-05-22
748,684,981,474.83,2023-03-16,2023-04-06
749,985,855,119.81,2023-01-25,2023-02-12
750,810,508,496.6,2023-04-14,2023-05-21
751,461,436,787.71,2022-10-10,2023-04-01
752,75,484,249.06,2022-11-28,2023-04-08
753,595,891,385.38,2022-12-02,2023-03-12
754,681,824,764.32,2023-02-02,2023-03-20
755,986,804,232.51,2023-01-08,2023-01-21
756,392,429,300.43,2022-11-30,2023-02-03
757,92,555,189.44,2022-12-13,2023-01-09
758,620,553,277.96,2022-07-22,2023-05-25
759,534,429,788.51,2022-06-05,2022-07-03
760,167,26,498.3,2022-12-19,2022-12-22
761,972,924,449.61,2022-11-15,2022-11-19
762,747,840,146.99,2022-06-18,2023-04-20
763,135,508,93.24,2022-08-06,2022-08-26
764,59,28,750.05,2023-02-06,2023-03-17
765,927,252,403.12,2022-09-15,2023-01-29
766,715,782,507.54,2022-11-19,2023-04-19
767,121,132,508.09,2023-01-02,2023-04-29
768,411,906,592.28,2023-01-05,2023-01-24
769,438,921,239.94,2022-12-18,2023-05-26
770,585,157,296.26,2022-09-01,2022-10-01
771,660,888,392.34,2023-03-22,2023-04-14
772,323,898,615.84,2022-10-22,2023-04-04
773,604,265,82.18,2022-09-13,2023-03-01
774,95,427,379.32,2023-02-01,2023-05-26
775,680,735,584.2,2022-10-05,2023-01-10
776,702,705,183.38,2022-07-06,2022-09-13
777,103,736,129.64,2022-10-25,2023-04-17
778,921,596,391.96,2023-03-22,2023-05-26
779,846,771,462.34,2023-04-09,2023-05-07
780,260,441,569.74,2022-12-31,2023-01-19
781,625,334,552.0,2022-12-04,2023-02-08
782,92,719,278.48,2023-04-14,2023-05-30
783,657,62,640.89,2023-04-13,2023-04-16
784,237,156,462.18,2022-12-29,2023-06-01
785,693,243,200.55,2023-01-13,2023-03-30
786,817,79,568.83,2022-09-16,2022-11-08
787,299,220,694.79,2022-10-07,2023-02-16
788,343,593,794.14,2022-12-30,2023-01-21
789,467,980,140.98,2023-03-26,2023-04-15
790,650,257,210.47,2022-07-20,2022-12-26
791,178,162,343.88,2022-12-17,2023-05-13
792,663,682,151.21,2022-12-03,2023-02-11
793,961,377,242.68,2022-11-15,2022-11-23
794,890,719,702.0,2023-03-19,2023-05-24
795,322,99,443.52,2022-07-19,2022-10-16
796,802,105,58.84,2022-09-10,2022-09-21
797,469,20,561.81,2023-02-23,2023-03-30
798,33,785,706.93,2022-08-19,2023-03-16
799,801,27,102.79,2023-02-25,2023-03-13
800,224,620,540.34,2023-05-17,2023-05-23
801,976,193,335.67,2022-10-30,2023-02-05
802,874,930,104.88,2022-11-08,2023-01-08
803,672,352,301.52,2023-04-12,2023-05-17
804,557,642,214.42,2022-08-26,2023-03-09
805,118,146,472.3,2022-11-24,2023-03-14
806,473,782,466.89,2023-02-12,2023-04-25
807,92,209,539.17,2023-01-06,2023-04-04
808,377,175,227.01,2022-12-18,2023-01-11
809,113,545,516.06,2023-02-14,2023-04-19
810,139,911,64.23,2022-06-20,2022-12-30
811,131,883,627.82,2023-05-29,2023-05-30
812,857,675,61.89,2023-03-05,2023-03-14
813,356,550,329.39,2022-07-13,2023-03-01
814,819,325,742.18,2022-07-23,2023-03-04
815,939,278,80.64,2023-02-16,2023-06-01
816,940,228,506.92,2022-12-07,2022-12-25
817,580,576,116.15,2022-07-29,2023-04-30
818,763,232,793.79,2023-01-19,2023-03-17
819,795,820,265.34,2022-08-21,2022-12-25
820,420,745,60.57,2023-04-26,2023-05-05
821,671,70,564.48,2022-07-05,2023-05-02
822,417,460,394.23,2023-04-04,2023-05-01
823,928,733,255.87,2023-02-15,2023-02-19
824,24,45,333.91,2022-06-24,2023-05-11
825,540,730,462.55,2022-06-28,2023-05-12
826,936,817,470.9,2022-06-07,2022-11-04
827,459,706,357.35,2022-10-02,2023-01-07
828,788,234,498.01,2022-11-29,2023-04-29
829,872,399,659.59,2022-10-23,2022-11-28
830,857,410,508.06,2023-02-10,2023-03-31
831,180,484,347.88,2022-06-28,2022-07-12
832,836,701,457.35,2022-07-15,2023-02-01
833,206,285,490.47,2022-10-10,2023-02-08
834,649,546,413.11,2022-12-09,2023-01-16
835,655,100,277.05,2022-11-01,2023-01-04
836,460,405,544.73,2022-11-15,2022-12-31
837,304,953,202.14,2023-03-18,2023-04-11
838,596,517,161.01,2023-06-01,2023-06-03
839,784,563,182.66,2022-10-20,2023-01-26
840,96,131,214.64,2023-04-01,2023-05-04
841,907,419,147.54,2023-04-11,2023-04-23
842,625,304,92.77,2022-07-18,2022-12-14
843,914,139,378.41,2022-09-01,2022-10-07
844,99,730,192.11,2023-03-11,2023-04-25
845,550,667,549.09,2023-03-14,2023-04-15
846,637,515,210.76,2022-10-05,2023-03-09
847,714,219,711.2,2022-09-20,2023-03-03
848,130,31,115.24,2022-06-29,2023-02-27
849,983,804,55.85,2022-10-10,2023-05-30
850,931,742,403.94,2023-02-24,2023-04-30
851,45,828,50.95,2023-03-24,2023-05-01
852,40,313,202.64,2022-06-28,2022-07-12
853,86,167,336.32,2022-08-30,2022-11-24
854,586,809,755.57,2022-06-29,2022-10-16
855,283,147,297.16,2023-06-02,2023-06-03
856,769,418,247.31,2023-01-13,2023-03-10
857,649,398,124.15,2023-01-30,2023-03-30
858,28,864,563.08,2022-08-24,2022-08-30
859,127,519,353.78,2022-12-03,2023-04-12
860,583,617,149.52,2023-02-11,2023-03-26
861,31,950,453.81,2022-12-22,2023-03-21
862,713,326,426.21,2022-09-12,2022-09-21
863,422,626,539.95,2022-06-10,2023-03-29
864,102,704,113.34,2023-05-03,2023-05-31
865,505,393,683.53,2023-04-17,2023-05-13
866,616,731,306.63,2023-05-12,2023-05-13
867,890,742,700.07,2022-08-01,2023-04-11
868,838,966,597.2,2022-09-29,2023-01-15
869,65,868,781.26,2022-06-04,2022-06-30
870,26,575,281.99,2022-12-24,2022-12-26
871,723,515,61.22,2022-06-28,2022-07-09
872,3,664,586.65,2022-09-16,2023-02-04
873,337,618,697.4,2023-01-14,2023-04-02
874,332,100,473.01,2023-05-29,2023-06-02
875,725,234,170.3,2022-08-27,2022-11-09
876,938,454,618.41,2022-11-27,2023-05-09
877,628,327,780.71,2023-02-16,2023-05-28
878,782,956,423.48,2023-01-08,2023-01-26
879,528,283,588.13,2022-12-06,2023-03-04
880,387,49,326.4,2022-09-04,2023-02-01
881,825,964,761.13,2023-03-20,2023-05-09
882,419,132,609.08,2022-07-11,2023-04-05
883,405,366,270.52,2022-07-28,2023-05-01
884,982,327,377.14,2022-06-11,2022-07-18
885,958,452,497.8,2022-10-29,2023-02-08
886,869,576,229.44,2022-07-30,2023-02-25
887,357,106,563.63,2022-07-29,2022-11-16
888,786,952,219.42,2022-09-10,2023-02-13
889,736,711,641.42,2022-12-29,2023-02-24
890,696,171,396.27,2022-11-26,2022-11-28
891,872,834,112.33,2022-06-18,2022-08-26
892,706,856,710.62,2022-12-27,2023-01-18
893,104,823,738.08,2023-01-05,2023-04-26
894,372,2,88.35,2023-06-01,2023-06-01
895,817,70,622.3,2023-04-23,2023-05-07
896,366,657,288.34,2023-02-22,2023-05-29
897,93,385,707.53,2022-07-20,2023-04-16
898,303,286,771.66,2023-03-31,2023-04-14
899,670,185,590.55,2022-09-22,2023-05-21
900,756,768,108.27,2022-11-14,2023-04-23
901,991,546,311.79,2022-07-15,2022-12-22
902,779,851,568.31,2023-02-24,2023-03-04
903,758,190,50.7,2023-05-24,2023-05-29
904,863,397,330.92,2022-07-25,2022-12-08
905,591,774,334.25,2022-08-10,2022-11-17
906,752,226,634.89,2022-10-04,2023-02-11
907,739,938,210.51,2022-11-26,2022-11-29
908,142,829,745.28,2022-12-26,2023-05-20
909,267,870,302.86,2023-04-09,2023-05-08
910,533,499,799.24,2022-12-07,2023-01-30
911,987,863,715.38,2022-12-09,2023-03-11
912,223,531,366.96,2022-09-21,2023-02-09
913,995,504,703.75,2022-08-25,2022-10-18
914,742,499,654.71,2022-10-28,2023-04-09
915,366,283,461.89,2022-06-24,2023-03-23
916,974,96,234.3,2022-06-11,2023-02-08
917,664,786,658.7,2022-10-03,2023-04-07
918,639,681,91.42,2023-05-12,2023-05-23
919,982,360,411.89,2022-09-14,2023-05-17
920,779,311,721.23,2023-04-20,2023-04-23
921,149,553,683.37,2022-11-26,2022-12-01
922,746,581,147.34,2022-07-04,2023-03-06
923,551,457,142.51,2022-11-22,2023-02-04
924,718,561,612.26,2022-09-05,2023-04-02
925,828,765,143.59,2023-03-11,2023-05-15
926,162,71,461.93,2022-06-27,2022-11-03
927,385,705,528.18,2022-06-25,2023-04-09
928,126,178,505.9,2023-03-13,2023-03-14
929,179,743,637.57,2023-02-22,2023-03-29
930,605,871,261.15,2023-02-07,2023-03-24
931,556,731,672.87,2023-04-22,2023-04-22
932,804,63,161.41,2022-10-20,2022-11-21
933,647,132,747.17,2022-08-24,2022-10-18
934,701,789,736.36,2022-08-01,2023-04-13
935,217,435,278.4,2022-10-04,2022-10-12
936,859,840,755.44,2022-10-10,2023-01-01
937,482,619,101.35,2022-06-05,2022-11-05
938,630,97,435.35,2023-05-09,2023-05-09
939,637,425,635.46,2023-01-19,2023-05-02
940,580,123,142.6,2022-07-21,2022-08-07
941,554,996,252.16,2023-04-24,2023-05-18
942,769,555,678.58,2022-09-05,2023-03-09
943,816,565,225.17,2023-01-24,2023-05-12
944,196,163,774.88,2023-03-07,2023-04-06
945,776,606,288.3,2023-01-25,2023-05-01
946,831,583,639.58,2022-06-25,2023-01-01
947,48,679,83.09,2023-05-31,2023-05-31
948,828,310,456.82,2023-02-18,2023-04-12
949,969,757,479.69,2022-06-21,2022-12-19
950,980,3,214.85,2023-02-06,2023-02-13
951,545,507,610.89,2022-06-11,2023-05-10
952,683,794,169.49,2022-08-05,2023-02-28
953,77,600,504.71,2022-12-23,2023-02-13
954,469,333,198.24,2023-03-30,2023-04-22
955,897,288,412.82,2023-02-25,2023-03-05
956,159,925,203.78,2023-01-08,2023-03-04
957,807,126,701.99,2023-05-29,2023-05-31
958,96,345,754.71,2022-11-15,2023-01-12
959,364,480,388.34,2022-08-10,2022-11-13
960,423,522,300.53,2022-07-20,2023-03-07
961,319,343,344.35,2022-12-06,2023-01-11
962,315,352,71.54,2022-12-17,2023-01-05
963,275,502,678.51,2022-08-06,2022-08-29
964,431,827,466.95,2022-09-26,2022-10-06
965,822,119,587.08,2022-10-15,2023-03-14
966,500,705,350.67,2022-06-19,2023-01-26
967,602,958,74.83,2022-10-22,2023-01-11
968,982,550,369.34,2023-03-17,2023-04-19
969,456,913,202.14,2023-02-07,2023-04-19
970,723,916,498.77,2022-10-05,2023-03-06
971,898,881,595.87,2023-06-02,2023-06-03
972,800,92,674.71,2022-12-18,2023-05-07
973,560,772,303.56,2022-06-25,2022-07-18
974,994,350,567.32,2022-06-20,2022-11-17
975,992,832,568.13,2023-04-12,2023-05-16
976,534,675,598.72,2023-02-06,2023-04-11
977,661,23,172.56,2022-09-19,2023-04-09
978,680,92,675.37,2022-10-07,2022-12-14
979,212,569,389.93,2022-11-09,2023-02-09
980,444,219,469.71,2023-04-22,2023-05-17
981,895,866,251.33,2023-02-08,2023-05-03
982,960,213,271.32,2023-01-19,2023-03-23
983,543,746,440.38,2022-12-27,2023-05-01
984,834,320,771.41,2022-09-20,2022-11-24
985,723,917,117.33,2023-05-29,2023-05-30
986,85,645,487.21,2022-09-24,2022-11-25
987,374,367,657.93,2022-08-31,2022-10-21
988,238,915,561.51,2022-11-28,2023-04-22
989,186,610,102.94,2023-04-13,2023-05-09
990,682,15,386.78,2022-12-24,2023-02-26
991,55,970,206.95,2022-09-11,2022-09-29
992,457,110,217.37,2023-05-23,2023-06-01
993,337,65,481.84,2023-05-06,2023-05-30
994,784,344,645.43,2022-10-27,2023-05-30
995,97,252,63.34,2023-01-21,2023-04-25
996,933,990,455.63,2022-10-16,2023-05-28
997,169,752,236.49,2022-08-28,2023-04-21
998,470,756,787.34,2023-01-22,2023-05-04
999,269,635,302.55,2023-05-13,2023-05-13
