0,52,84,205,paragon,30-06-22,399.59
1,36,68,361,paragon,03-06-23,937.8
2,45,67,78,faktura,29-05-23,732.31
3,62,7,593,paragon,10-11-22,691.19
4,53,36,278,paragon,10-02-23,658.64
5,76,84,709,faktura,15-06-23,145.87
6,59,68,428,paragon,01-11-22,758.66
7,76,44,716,faktura,26-08-22,930.25
8,51,8,512,faktura,26-02-23,262.19
9,60,90,528,paragon,19-06-23,63.59
10,49,20,332,paragon,31-01-23,479.18
11,98,76,610,paragon,29-03-23,410.34
12,90,47,87,faktura,06-04-23,191.66
13,86,61,131,faktura,31-05-23,166.85
14,9,71,637,paragon,17-08-22,957.82
15,85,88,144,faktura,03-10-22,725.78
16,63,40,418,faktura,01-09-22,326.09
17,61,91,406,paragon,07-08-22,52.49
18,5,70,788,faktura,05-02-23,222.21
19,29,95,276,faktura,08-12-22,697.75
20,61,1,677,paragon,25-04-23,710.4
21,80,49,537,faktura,28-02-23,695.82
22,56,76,722,faktura,31-08-22,126.55
23,38,55,474,paragon,25-10-22,923.13
24,71,84,293,paragon,01-12-22,40.16
25,86,43,19,faktura,19-06-23,856.79
26,19,75,503,paragon,23-05-23,273.8
27,67,90,294,faktura,18-01-23,816.92
28,2,36,760,faktura,09-11-22,29.4
29,85,29,501,faktura,29-01-23,902.21
30,22,35,132,paragon,24-09-22,862.84
31,30,75,78,faktura,23-03-23,552.15
32,96,24,142,faktura,06-10-22,268.11
33,54,92,363,paragon,29-04-23,666.79
34,57,42,274,paragon,06-12-22,550.37
35,92,71,289,faktura,02-07-22,678.89
36,25,17,792,paragon,16-07-22,858.61
37,17,27,598,paragon,13-05-23,405.49
38,67,63,171,faktura,21-08-22,43.41
39,50,79,293,faktura,06-02-23,955.77
40,47,22,338,paragon,03-11-22,593.78
41,8,3,301,faktura,14-08-22,331.64
42,67,55,7,faktura,26-09-22,91.23
43,90,39,631,faktura,14-12-22,683.47
44,59,17,208,paragon,25-06-22,55.81
45,26,93,439,paragon,13-07-22,705.91
46,44,91,751,paragon,09-10-22,440.85
47,90,94,17,faktura,28-03-23,209.47
48,10,29,793,faktura,23-03-23,413.21
49,0,54,325,faktura,24-03-23,615.25
50,19,28,557,paragon,19-08-22,138.6
51,17,38,796,faktura,10-08-22,185.05
52,0,15,305,faktura,26-02-23,349.35
53,27,12,219,faktura,07-01-23,389.13
54,49,69,794,faktura,12-02-23,793.92
55,20,29,45,faktura,24-06-22,123.16
56,35,16,320,faktura,16-06-23,179.19
57,97,64,421,faktura,15-08-22,783.7
58,70,73,178,paragon,24-05-23,251.18
59,18,72,684,paragon,19-11-22,20.6
60,19,35,727,paragon,15-05-23,672.58
61,73,50,469,faktura,19-01-23,884.01
62,14,1,459,paragon,22-12-22,761.37
63,87,77,644,faktura,15-09-22,767.51
64,64,84,122,faktura,23-11-22,545.33
65,20,28,691,faktura,06-10-22,44.76
66,1,19,623,faktura,21-06-23,341.64
67,31,87,660,faktura,05-10-22,573.58
68,86,33,130,paragon,12-07-22,887.86
69,95,97,690,paragon,08-05-23,523.2
70,70,94,738,paragon,09-01-23,479.68
71,32,12,111,faktura,29-10-22,119.9
72,21,10,784,paragon,04-02-23,464.37
73,2,97,767,faktura,02-08-22,850.25
74,33,86,373,faktura,22-04-23,822.45
75,99,44,275,paragon,11-09-22,715.68
76,69,55,19,faktura,18-07-22,611.37
77,44,63,583,faktura,07-07-22,289.62
78,51,22,219,faktura,20-01-23,325.19
79,29,85,99,faktura,26-03-23,848.5
80,11,23,658,faktura,03-10-22,142.62
81,63,7,681,paragon,14-02-23,211.82
82,30,59,639,paragon,22-05-23,202.62
83,63,55,290,faktura,26-11-22,25.15
84,70,90,435,faktura,10-02-23,419.55
85,17,2,685,paragon,08-07-22,704.76
86,55,95,291,paragon,27-11-22,242.79
87,0,37,338,paragon,04-10-22,218.69
88,89,9,327,paragon,01-12-22,257.94
89,61,5,692,faktura,19-02-23,186.74
90,69,0,763,faktura,08-02-23,56.51
91,68,16,554,faktura,03-02-23,908.05
92,55,13,525,faktura,20-02-23,137.35
93,63,27,3,paragon,15-05-23,223.69
94,19,1,223,faktura,06-10-22,859.09
95,58,28,783,faktura,24-10-22,913.84
96,90,53,154,faktura,21-04-23,978.61
97,83,20,773,faktura,23-01-23,168.7
98,65,38,348,faktura,25-09-22,245.88
99,97,74,678,faktura,04-01-23,391.71
100,9,75,15,faktura,11-01-23,334.55
101,94,0,251,paragon,13-01-23,215.06
102,82,71,114,paragon,01-03-23,795.29
103,62,41,80,faktura,12-05-23,98.45
104,3,81,662,faktura,04-11-22,781.88
105,58,50,609,paragon,19-08-22,894.55
106,61,1,765,faktura,27-01-23,582.37
107,4,48,31,faktura,30-12-22,110.49
108,25,18,773,paragon,20-08-22,946.29
109,11,80,400,paragon,29-06-22,218.15
110,91,8,555,faktura,04-04-23,365.29
111,7,68,209,paragon,18-11-22,337.72
112,86,20,320,faktura,26-10-22,547.81
113,96,17,35,faktura,20-10-22,717.92
114,91,3,59,paragon,12-01-23,476.74
115,82,67,633,paragon,31-10-22,334.22
116,28,32,78,faktura,29-11-22,536.59
117,89,96,164,paragon,07-05-23,21.32
118,21,65,412,paragon,02-04-23,479.04
119,56,17,113,faktura,23-05-23,678.06
120,54,69,459,paragon,23-11-22,435.93
121,44,27,152,faktura,20-10-22,26.58
122,77,54,743,paragon,18-04-23,13.69
123,36,53,188,paragon,04-08-22,846.22
124,22,29,46,paragon,31-05-23,696.43
125,93,29,440,paragon,22-10-22,566.59
126,75,5,241,faktura,10-07-22,144.57
127,61,71,730,paragon,06-07-22,360.38
128,73,9,357,paragon,06-04-23,695.87
129,61,65,444,faktura,19-09-22,690.74
130,74,63,581,faktura,14-10-22,982.25
131,51,93,370,faktura,25-06-22,149.63
132,79,93,649,faktura,17-10-22,827.9
133,3,10,164,faktura,29-09-22,73.33
134,95,62,668,paragon,10-09-22,303.31
135,63,74,671,paragon,23-04-23,226.77
136,45,69,322,faktura,06-09-22,582.18
137,72,90,303,paragon,01-03-23,538.77
138,88,89,5,faktura,27-11-22,69.39
139,55,98,122,faktura,02-04-23,160.38
140,54,3,604,paragon,24-10-22,435.93
141,97,1,750,faktura,07-11-22,196.92
142,60,48,37,paragon,04-02-23,23.58
143,70,85,204,faktura,28-02-23,947.66
144,11,68,260,faktura,21-12-22,341.71
145,6,33,145,paragon,05-02-23,66.62
146,47,9,268,faktura,05-01-23,427.42
147,34,50,58,paragon,03-07-22,68.42
148,19,68,732,paragon,25-06-22,298.01
149,78,55,362,faktura,18-12-22,647.39
150,91,33,477,paragon,28-08-22,320.78
151,59,9,229,paragon,09-04-23,332.43
152,8,88,624,paragon,08-02-23,201.77
153,85,80,378,faktura,03-07-22,207.35
154,51,63,401,faktura,01-02-23,678.68
155,22,20,629,faktura,04-07-22,435.78
156,40,43,685,faktura,17-01-23,169.49
157,8,39,209,faktura,10-01-23,762.62
158,39,84,137,faktura,29-07-22,410.89
159,58,20,319,paragon,29-06-22,16.91
160,68,76,636,faktura,26-08-22,933.77
161,45,53,393,faktura,01-12-22,985.98
162,68,5,253,faktura,02-03-23,215.98
163,21,10,302,paragon,14-12-22,395.32
164,39,72,416,paragon,01-04-23,178.07
165,81,97,770,faktura,28-01-23,349.31
166,75,69,718,faktura,21-12-22,967.61
167,6,65,671,paragon,13-04-23,334.66
168,44,87,312,faktura,29-09-22,820.9
169,25,99,424,paragon,01-08-22,631.24
170,14,27,666,faktura,23-10-22,640.04
171,88,59,566,paragon,24-03-23,186.79
172,95,76,704,faktura,26-10-22,950.07
173,98,82,565,faktura,22-03-23,211.25
174,82,53,688,faktura,29-12-22,955.07
175,39,64,274,faktura,09-04-23,20.58
176,44,83,761,paragon,06-02-23,165.15
177,42,0,200,faktura,21-12-22,92.87
178,18,1,463,paragon,25-09-22,870.29
179,87,63,145,faktura,21-03-23,132.14
180,87,9,430,paragon,25-11-22,109.06
181,51,56,206,paragon,10-02-23,881.31
182,38,65,161,faktura,26-09-22,972.45
183,12,10,398,paragon,13-03-23,598.02
184,56,51,24,paragon,22-07-22,115.5
185,13,48,564,faktura,27-02-23,899.45
186,67,65,313,paragon,19-02-23,437.65
187,98,31,367,faktura,02-11-22,771.45
188,1,84,328,faktura,12-06-23,397.33
189,27,25,479,paragon,13-01-23,276.94
190,77,2,671,paragon,11-04-23,713.19
191,64,17,78,paragon,10-02-23,381.13
192,90,93,322,paragon,03-03-23,303.91
193,16,31,535,faktura,08-10-22,102.93
194,47,24,364,faktura,12-12-22,190.47
195,46,12,40,faktura,28-12-22,296.17
196,72,33,682,faktura,25-08-22,145.94
197,85,50,571,paragon,22-10-22,898.49
198,49,71,224,paragon,29-11-22,231.85
199,79,91,417,faktura,03-10-22,508.67
200,89,57,15,faktura,25-09-22,643.59
201,40,39,576,faktura,01-09-22,19.73
202,37,32,797,paragon,28-07-22,229.56
203,58,1,603,faktura,01-11-22,441.31
204,78,25,746,paragon,27-02-23,411.68
205,50,89,118,faktura,25-06-22,571.14
206,11,60,784,paragon,09-11-22,198.2
207,10,22,187,faktura,29-05-23,877.13
208,2,31,597,faktura,31-03-23,621.65
209,0,0,597,paragon,04-05-23,367.77
210,50,68,705,faktura,23-07-22,203.88
211,17,79,222,faktura,07-06-23,980.54
212,12,50,212,paragon,26-03-23,714.11
213,42,39,128,paragon,18-05-23,816.02
214,22,10,599,paragon,09-03-23,104.97
215,45,23,352,paragon,22-04-23,263.96
216,56,43,679,faktura,09-03-23,809.01
217,32,38,244,paragon,07-06-23,35.11
218,5,91,135,faktura,06-02-23,51.53
219,49,36,130,paragon,29-11-22,110.8
220,30,81,476,faktura,10-05-23,297.68
221,78,87,130,faktura,29-11-22,827.06
222,47,91,107,paragon,15-08-22,391.31
223,6,83,118,paragon,30-07-22,273.85
224,22,5,456,faktura,05-12-22,291.49
225,82,29,91,faktura,01-03-23,446.86
226,78,67,720,faktura,13-05-23,231.11
227,96,16,347,faktura,18-11-22,274.46
228,56,65,273,paragon,23-05-23,619.87
229,58,93,427,paragon,23-05-23,418.16
230,13,87,152,faktura,29-04-23,978.88
231,67,0,352,paragon,08-01-23,165.91
232,69,50,225,faktura,03-06-23,861.57
233,81,98,721,faktura,13-04-23,968.8
234,94,11,236,paragon,20-08-22,568.51
235,57,12,397,faktura,09-10-22,929.29
236,80,86,576,paragon,28-06-22,196.03
237,96,70,435,paragon,18-10-22,819.36
238,13,91,595,faktura,23-12-22,174.38
239,43,44,575,paragon,29-06-22,809.16
240,55,8,441,faktura,04-01-23,783.69
241,30,5,769,paragon,28-12-22,493.73
242,74,5,575,paragon,08-08-22,38.9
243,73,57,276,faktura,19-03-23,608.01
244,88,82,78,faktura,18-03-23,194.56
245,24,70,419,paragon,04-12-22,96.76
246,92,44,517,faktura,18-02-23,516.33
247,26,42,625,paragon,22-11-22,543.65
248,51,20,395,paragon,08-02-23,411.15
249,19,39,22,paragon,03-02-23,709.69
250,70,19,356,paragon,15-04-23,876.28
251,62,31,769,faktura,21-01-23,674.94
252,29,10,371,faktura,26-08-22,673.88
253,8,10,96,paragon,09-06-23,722.71
254,32,55,602,faktura,01-06-23,807.53
255,5,17,596,paragon,27-02-23,348.26
256,25,82,436,faktura,18-08-22,92.74
257,80,51,382,paragon,13-03-23,305.77
258,14,30,121,paragon,02-04-23,665.92
259,17,21,357,faktura,24-06-22,329.84
260,46,10,216,paragon,05-09-22,294.24
261,92,74,372,faktura,16-02-23,432.78
262,88,15,491,faktura,26-06-22,446.14
263,91,67,213,faktura,12-07-22,624.67
264,24,94,466,faktura,15-08-22,821.29
265,98,70,625,paragon,14-03-23,229.6
266,4,85,776,faktura,09-01-23,569.08
267,66,0,12,paragon,22-10-22,575.77
268,16,81,505,faktura,27-02-23,640.17
269,21,63,453,paragon,12-08-22,716.72
270,61,49,297,paragon,02-01-23,488.5
271,13,36,399,faktura,16-02-23,732.2
272,53,56,639,faktura,30-05-23,721.99
273,69,58,362,paragon,16-01-23,547.32
274,81,98,206,paragon,12-01-23,676.5
275,59,69,347,paragon,02-02-23,185.67
276,69,19,502,paragon,24-09-22,647.31
277,2,59,394,faktura,17-04-23,118.18
278,0,32,652,faktura,11-12-22,856.22
279,48,86,683,faktura,19-02-23,295.13
280,82,62,751,paragon,22-09-22,491.6
281,23,90,632,paragon,22-06-23,375.4
282,24,12,200,faktura,08-08-22,506.49
283,72,89,777,faktura,21-05-23,497.81
284,38,26,473,faktura,19-08-22,68.56
285,31,0,378,faktura,24-05-23,499.72
286,82,30,215,paragon,09-11-22,593.16
287,31,78,19,faktura,17-05-23,962.65
288,99,3,486,faktura,08-08-22,879.56
289,96,47,759,faktura,31-05-23,553.28
290,70,12,671,paragon,28-02-23,772.58
291,82,96,655,faktura,29-07-22,116.86
292,54,26,34,paragon,27-08-22,151.96
293,15,1,501,paragon,06-08-22,278.7
294,6,27,100,paragon,17-08-22,378.86
295,6,11,489,faktura,16-06-23,887.17
296,58,26,223,paragon,16-07-22,103.41
297,38,45,95,paragon,24-09-22,496.15
298,46,60,318,faktura,25-06-22,64.75
299,48,53,279,faktura,07-10-22,409.36
300,3,72,244,faktura,21-01-23,126.49
301,64,86,650,faktura,04-06-23,111.13
302,32,9,210,faktura,17-02-23,985.34
303,8,48,137,faktura,19-01-23,530.16
304,58,7,213,faktura,23-03-23,351.42
305,58,88,759,paragon,26-11-22,125.37
306,20,53,234,faktura,14-10-22,432.59
307,83,71,186,faktura,09-11-22,383.37
308,49,8,524,faktura,18-08-22,398.38
309,45,96,130,paragon,12-08-22,603.33
310,65,90,662,faktura,18-04-23,854.73
311,45,54,491,paragon,15-12-22,407.53
312,30,40,296,paragon,06-12-22,298.5
313,34,19,633,paragon,01-09-22,57.0
314,36,87,258,faktura,23-02-23,632.67
315,2,99,190,paragon,08-07-22,547.47
316,94,39,618,paragon,13-05-23,409.41
317,94,14,463,faktura,28-11-22,943.91
318,13,4,157,faktura,16-06-23,925.6
319,24,67,299,faktura,09-10-22,857.03
320,67,62,585,faktura,31-03-23,163.24
321,53,88,547,faktura,11-01-23,880.67
322,41,92,639,faktura,09-11-22,60.73
323,47,9,567,faktura,04-07-22,68.95
324,29,54,237,paragon,28-10-22,953.14
325,74,35,544,faktura,24-08-22,385.56
326,40,38,358,faktura,26-05-23,330.58
327,59,58,310,paragon,21-04-23,469.85
328,76,29,677,paragon,04-09-22,593.8
329,14,88,286,faktura,17-06-23,399.1
330,61,91,12,faktura,19-02-23,277.31
331,39,89,793,paragon,07-11-22,780.5
332,31,52,317,faktura,16-04-23,172.14
333,11,65,353,faktura,11-07-22,210.3
334,26,28,336,paragon,16-06-23,539.18
335,19,87,396,faktura,15-01-23,169.96
336,53,69,764,paragon,13-06-23,638.51
337,52,36,157,faktura,02-04-23,849.32
338,83,59,638,paragon,05-09-22,843.52
339,10,16,437,faktura,20-08-22,386.83
340,5,85,469,faktura,28-06-22,445.52
341,89,49,765,paragon,18-06-23,80.78
342,3,79,114,faktura,11-10-22,983.12
343,8,82,517,faktura,21-03-23,240.58
344,17,34,117,faktura,09-03-23,346.84
345,24,84,263,faktura,07-12-22,201.89
346,15,92,554,paragon,28-08-22,126.17
347,3,23,178,faktura,01-02-23,910.65
348,86,79,795,faktura,17-05-23,701.71
349,97,78,213,paragon,18-07-22,442.5
350,77,38,388,paragon,10-06-23,627.5
351,70,6,599,faktura,19-06-23,680.03
352,0,33,538,paragon,20-04-23,827.97
353,5,30,687,faktura,26-02-23,303.85
354,32,45,614,paragon,01-07-22,513.96
355,70,78,328,paragon,26-07-22,744.85
356,74,12,703,faktura,24-12-22,543.98
357,98,70,218,paragon,14-01-23,332.61
358,42,70,108,paragon,03-09-22,366.69
359,65,71,301,faktura,10-08-22,527.89
360,94,11,607,paragon,06-09-22,387.09
361,94,69,329,faktura,21-11-22,483.46
362,54,95,460,paragon,19-03-23,82.63
363,82,78,303,faktura,19-01-23,794.04
364,1,2,689,faktura,13-12-22,884.32
365,34,7,765,paragon,23-08-22,213.49
366,87,63,300,paragon,02-06-23,204.25
367,45,34,474,faktura,21-09-22,730.51
368,91,44,266,paragon,20-06-23,665.64
369,20,90,325,faktura,08-02-23,749.89
370,29,20,94,faktura,11-12-22,946.64
371,85,39,255,faktura,13-03-23,224.98
372,97,46,46,faktura,28-06-22,383.46
373,52,53,116,paragon,28-03-23,194.05
374,48,58,42,faktura,04-10-22,668.07
375,69,39,682,faktura,08-04-23,392.76
376,34,52,799,paragon,30-04-23,217.91
377,76,99,333,paragon,06-02-23,260.63
378,84,87,601,faktura,26-08-22,162.58
379,97,5,70,paragon,08-04-23,660.33
380,87,15,610,faktura,15-10-22,194.63
381,20,25,123,faktura,24-04-23,469.35
382,11,45,359,faktura,12-04-23,34.73
383,88,30,117,faktura,02-09-22,323.93
384,66,15,732,paragon,26-09-22,210.29
385,69,11,654,paragon,18-04-23,296.83
386,88,12,235,faktura,03-03-23,103.12
387,13,8,296,paragon,01-07-22,796.04
388,89,72,703,paragon,07-09-22,882.29
389,44,16,678,paragon,31-12-22,540.82
390,36,45,456,faktura,28-04-23,749.09
391,86,76,81,paragon,30-10-22,385.12
392,54,84,326,faktura,06-07-22,260.09
393,58,30,725,faktura,15-05-23,693.02
394,56,6,231,faktura,03-02-23,379.73
395,94,37,774,paragon,23-08-22,905.93
396,76,27,29,paragon,28-08-22,954.96
397,62,62,438,faktura,05-05-23,822.49
398,17,20,102,paragon,08-05-23,433.96
399,84,61,707,faktura,19-05-23,346.21
400,98,5,546,faktura,20-07-22,150.52
401,80,81,231,paragon,17-05-23,419.27
402,39,87,566,faktura,15-11-22,639.44
403,89,50,297,paragon,10-02-23,460.13
404,28,24,689,faktura,14-10-22,923.58
405,97,54,714,paragon,04-10-22,191.44
406,11,15,709,paragon,20-02-23,226.21
407,48,28,86,paragon,20-09-22,844.88
408,59,55,492,faktura,06-01-23,603.99
409,29,81,298,paragon,17-09-22,379.98
410,26,16,288,faktura,28-03-23,954.32
411,33,49,80,paragon,05-01-23,394.31
412,91,95,393,paragon,06-09-22,177.54
413,88,64,335,faktura,05-06-23,196.61
414,97,26,34,faktura,03-02-23,179.91
415,2,88,539,faktura,23-09-22,478.93
416,74,48,665,paragon,22-06-23,639.57
417,6,73,382,faktura,15-12-22,665.5
418,81,76,451,paragon,22-07-22,826.22
419,49,46,393,faktura,08-10-22,272.13
420,88,64,566,paragon,13-05-23,402.62
421,8,75,224,faktura,30-01-23,666.68
422,54,36,594,paragon,27-11-22,944.39
423,40,33,623,paragon,14-12-22,30.79
424,2,50,692,faktura,30-09-22,633.84
425,68,15,755,paragon,15-05-23,416.65
426,81,99,730,faktura,12-05-23,104.0
427,71,88,319,faktura,19-08-22,713.15
428,34,75,691,paragon,24-04-23,622.93
429,78,56,77,faktura,21-07-22,790.16
430,41,31,109,faktura,09-02-23,180.37
431,61,5,325,paragon,30-07-22,53.98
432,52,27,696,faktura,04-02-23,895.89
433,22,44,643,paragon,27-10-22,657.32
434,46,36,545,paragon,28-03-23,264.1
435,96,10,128,faktura,15-10-22,446.7
436,8,86,493,paragon,19-12-22,18.59
437,89,78,677,paragon,12-05-23,559.67
438,93,94,364,faktura,04-09-22,212.91
439,52,1,234,faktura,16-10-22,465.28
440,59,17,293,faktura,06-03-23,665.23
441,41,49,682,paragon,21-06-23,232.87
442,76,8,117,paragon,05-06-23,355.69
443,50,27,470,paragon,24-03-23,23.74
444,71,98,662,paragon,10-01-23,111.77
445,69,73,776,faktura,26-11-22,90.82
446,59,68,720,faktura,23-07-22,475.29
447,61,41,116,paragon,03-09-22,653.49
448,2,47,242,faktura,16-07-22,647.87
449,59,54,774,faktura,05-08-22,581.87
450,36,14,785,paragon,05-01-23,225.41
451,90,68,194,faktura,20-11-22,221.16
452,57,16,474,paragon,01-02-23,72.75
453,34,62,775,faktura,01-10-22,171.14
454,31,99,185,paragon,05-05-23,242.96
455,6,79,174,faktura,25-09-22,110.24
456,91,93,369,faktura,16-02-23,80.35
457,68,38,146,paragon,20-04-23,509.94
458,98,21,705,paragon,14-03-23,770.55
459,23,92,707,paragon,31-05-23,968.45
460,1,19,100,paragon,23-05-23,438.44
461,48,44,225,faktura,20-07-22,774.72
462,69,63,383,paragon,14-01-23,257.07
463,80,75,644,faktura,31-03-23,131.28
464,11,25,648,paragon,06-02-23,133.56
465,19,87,152,faktura,02-09-22,443.8
466,69,7,255,faktura,01-08-22,841.58
467,31,1,774,faktura,11-06-23,422.26
468,44,12,657,faktura,14-02-23,962.81
469,41,56,117,paragon,02-08-22,536.59
470,55,19,260,faktura,29-08-22,631.17
471,87,62,729,faktura,10-08-22,970.72
472,30,62,152,faktura,15-03-23,80.14
473,9,47,228,faktura,24-08-22,547.4
474,53,49,737,faktura,09-10-22,552.42
475,38,8,334,faktura,10-08-22,302.63
476,6,78,143,paragon,28-10-22,211.42
477,68,71,31,faktura,29-03-23,562.16
478,1,67,775,faktura,25-02-23,75.4
479,98,98,3,paragon,21-05-23,184.54
480,6,5,476,faktura,08-02-23,853.43
481,6,2,284,paragon,17-05-23,852.25
482,0,5,206,faktura,15-01-23,822.21
483,71,74,667,paragon,30-12-22,72.73
484,97,91,744,paragon,23-09-22,409.13
485,18,65,678,faktura,12-12-22,343.56
486,40,82,785,faktura,21-07-22,755.8
487,50,35,659,faktura,01-04-23,862.22
488,71,46,430,faktura,24-03-23,498.31
489,88,38,56,faktura,01-10-22,568.74
490,13,0,63,paragon,13-09-22,714.57
491,37,96,13,paragon,04-06-23,459.12
492,87,97,422,faktura,13-06-23,60.62
493,25,43,301,faktura,02-02-23,135.5
494,2,36,767,paragon,06-03-23,559.41
495,28,59,505,faktura,09-11-22,296.79
496,76,24,245,paragon,16-09-22,811.7
497,76,84,469,paragon,13-04-23,265.97
498,66,48,494,faktura,10-06-23,935.71
499,88,22,790,faktura,02-06-23,923.07
500,87,79,677,paragon,11-03-23,310.33
501,62,41,327,faktura,15-11-22,112.35
502,69,59,49,faktura,26-02-23,414.18
503,49,36,53,paragon,04-04-23,547.69
504,36,8,502,paragon,03-12-22,291.86
505,58,46,319,paragon,02-10-22,433.59
506,77,53,569,paragon,26-10-22,137.5
507,22,1,639,paragon,19-01-23,672.01
508,11,7,769,faktura,26-05-23,568.98
509,15,82,501,faktura,08-03-23,534.33
510,31,83,590,paragon,17-10-22,630.75
511,42,73,285,paragon,10-06-23,149.87
512,47,35,408,faktura,07-05-23,690.52
513,43,40,468,paragon,06-09-22,657.24
514,82,3,316,paragon,22-07-22,308.19
515,61,42,388,faktura,09-02-23,484.22
516,25,74,200,faktura,10-06-23,388.6
517,55,7,326,faktura,09-02-23,403.21
518,76,78,631,paragon,30-06-22,405.8
519,59,89,205,faktura,22-05-23,552.93
520,46,43,789,faktura,23-01-23,234.04
521,75,30,398,paragon,07-10-22,511.33
522,72,47,472,faktura,24-04-23,891.13
523,84,45,76,paragon,23-05-23,538.92
524,60,43,762,paragon,25-11-22,724.96
525,7,14,223,faktura,23-02-23,71.53
526,43,37,109,faktura,01-12-22,826.27
527,92,14,428,paragon,23-09-22,279.73
528,7,55,581,faktura,04-07-22,172.68
529,75,10,699,faktura,11-07-22,481.41
530,29,81,78,paragon,20-03-23,670.63
531,92,23,428,paragon,17-11-22,277.77
532,11,70,605,paragon,08-09-22,40.35
533,89,19,78,faktura,01-08-22,546.54
534,21,27,262,faktura,31-03-23,377.62
535,75,45,520,faktura,02-07-22,872.04
536,88,2,0,faktura,25-04-23,185.22
537,40,71,6,paragon,10-01-23,132.24
538,89,20,749,paragon,18-10-22,846.62
539,39,93,522,paragon,10-05-23,875.9
540,78,93,447,faktura,18-04-23,153.28
541,32,74,582,faktura,17-01-23,696.6
542,79,28,124,paragon,25-08-22,449.88
543,82,64,698,paragon,13-09-22,439.51
544,90,78,353,paragon,21-05-23,123.84
545,1,72,612,paragon,27-07-22,858.06
546,39,21,412,paragon,14-12-22,249.26
547,47,92,11,faktura,22-02-23,886.35
548,50,62,23,paragon,01-03-23,483.32
549,85,90,751,faktura,13-01-23,570.88
550,62,48,111,faktura,07-10-22,314.23
551,13,53,563,paragon,31-05-23,915.75
552,79,45,418,paragon,20-12-22,332.21
553,45,80,543,paragon,06-04-23,965.19
554,17,38,538,paragon,14-09-22,642.42
555,66,13,539,faktura,13-06-23,585.91
556,18,67,158,paragon,11-03-23,631.45
557,68,88,616,paragon,24-01-23,298.31
558,2,34,697,paragon,30-12-22,751.1
559,1,6,603,paragon,04-11-22,285.13
560,74,94,126,paragon,05-01-23,816.76
561,19,35,400,faktura,27-04-23,238.37
562,44,59,796,faktura,08-02-23,339.89
563,78,61,514,paragon,10-12-22,805.56
564,29,49,580,paragon,12-11-22,583.97
565,83,75,358,paragon,30-03-23,586.81
566,19,99,53,faktura,07-10-22,244.89
567,39,3,445,faktura,14-03-23,305.91
568,3,41,356,faktura,23-06-22,114.31
569,50,95,343,faktura,25-04-23,461.54
570,27,89,322,paragon,22-11-22,786.41
571,4,56,518,faktura,13-05-23,193.43
572,14,45,519,faktura,07-09-22,653.21
573,38,65,87,faktura,20-11-22,726.95
574,23,83,26,faktura,29-03-23,895.59
575,55,64,654,paragon,15-08-22,400.59
576,15,14,400,paragon,15-12-22,303.17
577,47,34,367,faktura,13-05-23,158.62
578,7,45,798,paragon,08-07-22,508.21
579,39,52,339,faktura,05-11-22,155.72
580,29,97,403,faktura,26-05-23,367.99
581,77,63,276,paragon,15-10-22,890.91
582,29,0,632,paragon,14-06-23,473.63
583,17,97,465,paragon,29-06-22,555.04
584,57,81,747,faktura,11-01-23,299.68
585,69,78,193,faktura,27-07-22,314.17
586,87,6,518,paragon,23-05-23,958.4
587,92,50,709,faktura,02-04-23,479.54
588,72,10,172,paragon,16-12-22,754.61
589,43,36,79,faktura,17-11-22,65.99
590,88,8,502,paragon,04-09-22,117.11
591,63,75,169,faktura,02-07-22,286.26
592,13,37,560,paragon,27-06-22,178.57
593,98,20,455,faktura,24-04-23,454.09
594,33,59,555,faktura,17-09-22,154.14
595,24,39,433,paragon,29-01-23,339.12
596,60,7,90,faktura,06-10-22,742.21
597,63,3,402,faktura,04-09-22,182.44
598,17,49,327,paragon,04-08-22,732.96
599,94,68,625,faktura,04-03-23,656.67
600,86,67,734,faktura,24-02-23,689.06
601,13,20,318,faktura,14-10-22,69.08
602,75,22,670,paragon,30-09-22,285.03
603,44,42,14,paragon,20-11-22,917.06
604,91,68,552,faktura,09-08-22,841.47
605,28,56,212,faktura,03-12-22,934.73
606,17,50,247,paragon,20-04-23,31.89
607,26,73,720,paragon,27-11-22,762.25
608,20,71,305,paragon,30-07-22,613.77
609,42,73,524,faktura,19-03-23,617.65
610,87,38,672,paragon,17-04-23,227.39
611,92,13,730,faktura,07-10-22,747.68
612,59,2,445,faktura,22-02-23,852.18
613,72,55,390,paragon,23-01-23,862.94
614,83,79,273,faktura,03-07-22,399.23
615,6,55,572,paragon,06-08-22,498.8
616,1,92,192,faktura,04-07-22,710.61
617,91,46,617,paragon,29-03-23,77.22
618,64,11,510,faktura,24-03-23,464.53
619,33,22,69,faktura,03-11-22,833.56
620,52,84,27,paragon,27-01-23,267.6
621,84,75,409,faktura,21-02-23,676.51
622,15,66,773,paragon,06-12-22,755.02
623,40,39,698,faktura,04-09-22,656.85
624,35,27,31,paragon,02-02-23,520.71
625,50,19,602,paragon,16-10-22,566.0
626,5,39,192,faktura,02-04-23,193.69
627,48,64,426,faktura,20-05-23,655.69
628,48,85,689,faktura,18-02-23,943.85
629,34,22,273,faktura,31-07-22,457.98
630,67,96,118,faktura,17-09-22,992.88
631,39,40,599,paragon,17-11-22,933.07
632,1,75,149,faktura,12-03-23,773.83
633,40,80,337,faktura,29-05-23,730.41
634,53,91,38,faktura,15-01-23,688.64
635,68,67,748,paragon,10-01-23,507.64
636,13,91,346,paragon,22-06-23,13.05
637,89,75,605,paragon,08-07-22,693.7
638,24,81,789,faktura,10-08-22,987.76
639,27,71,481,faktura,02-07-22,872.63
640,23,0,685,faktura,10-11-22,152.83
641,83,6,414,paragon,12-11-22,274.75
642,39,21,312,faktura,11-04-23,230.87
643,29,99,722,faktura,02-09-22,554.49
644,65,84,124,paragon,03-08-22,237.21
645,19,81,780,faktura,08-08-22,766.09
646,2,30,54,paragon,16-01-23,959.4
647,32,86,168,faktura,30-10-22,709.56
648,24,56,346,paragon,22-09-22,507.81
649,12,87,619,faktura,19-09-22,614.8
650,52,27,305,faktura,11-02-23,806.11
651,55,85,544,paragon,02-09-22,248.74
652,15,92,21,faktura,23-09-22,954.45
653,82,53,129,faktura,03-04-23,171.52
654,16,59,791,faktura,23-08-22,303.37
655,63,73,684,faktura,29-08-22,556.08
656,56,38,311,paragon,23-01-23,206.51
657,94,76,500,paragon,27-07-22,291.55
658,44,52,106,faktura,25-01-23,257.02
659,97,47,750,paragon,09-10-22,367.21
660,31,43,49,paragon,06-01-23,635.11
661,90,35,97,paragon,24-05-23,892.71
662,18,55,259,faktura,02-04-23,141.59
663,58,12,739,paragon,17-04-23,596.79
664,28,34,572,faktura,13-04-23,731.85
665,84,56,749,paragon,08-02-23,286.39
666,93,24,53,paragon,04-05-23,92.91
667,50,81,783,paragon,15-09-22,682.8
668,60,19,4,paragon,25-06-22,711.77
669,20,35,567,faktura,19-06-23,560.68
670,24,27,315,faktura,15-08-22,558.42
671,65,43,629,paragon,21-05-23,407.1
672,75,95,124,faktura,04-11-22,427.64
673,12,11,394,faktura,17-12-22,265.98
674,59,43,533,faktura,19-09-22,72.16
675,55,70,709,faktura,01-07-22,711.27
676,60,35,384,faktura,21-02-23,137.49
677,57,93,282,paragon,14-12-22,712.24
678,42,54,103,faktura,04-03-23,907.63
679,32,26,794,faktura,21-05-23,252.96
680,42,84,10,paragon,28-03-23,778.11
681,23,82,81,faktura,03-11-22,288.26
682,13,87,154,paragon,29-05-23,993.59
683,68,63,730,faktura,30-07-22,917.88
684,6,73,729,paragon,25-03-23,831.19
685,21,85,420,faktura,06-10-22,348.9
686,69,25,658,faktura,20-03-23,583.11
687,65,48,405,paragon,25-12-22,730.0
688,28,23,165,faktura,19-10-22,98.88
689,54,31,264,paragon,02-08-22,760.34
690,25,75,116,paragon,08-12-22,277.49
691,71,19,759,faktura,29-10-22,712.71
692,44,79,40,faktura,29-07-22,509.57
693,85,18,255,paragon,08-10-22,965.28
694,96,91,591,faktura,08-06-23,649.13
695,9,11,323,paragon,12-05-23,275.5
696,91,66,387,paragon,16-03-23,957.53
697,9,71,735,paragon,04-05-23,734.27
698,79,99,494,paragon,26-12-22,680.68
699,83,94,213,paragon,20-12-22,317.79
700,69,33,490,paragon,18-06-23,138.06
701,74,70,152,faktura,28-04-23,482.58
702,16,42,560,faktura,04-05-23,517.09
703,27,41,736,paragon,09-12-22,807.52
704,30,50,328,paragon,10-07-22,181.55
705,69,52,535,paragon,08-10-22,899.89
706,80,72,71,faktura,09-10-22,888.08
707,39,12,363,faktura,19-10-22,234.97
708,71,76,756,faktura,28-02-23,969.26
709,69,44,797,paragon,02-04-23,828.57
710,41,92,580,paragon,22-02-23,132.9
711,1,59,46,paragon,25-11-22,306.42
712,53,8,157,paragon,28-12-22,865.06
713,21,0,583,faktura,29-05-23,261.25
714,63,21,256,faktura,16-08-22,865.77
715,16,51,779,faktura,06-02-23,584.78
716,45,30,19,paragon,08-04-23,21.95
717,82,41,237,faktura,08-01-23,305.09
718,67,25,374,faktura,16-04-23,940.38
719,4,72,232,faktura,26-08-22,129.0
720,10,42,279,faktura,08-08-22,844.4
721,61,65,52,faktura,31-10-22,608.33
722,34,46,104,faktura,14-05-23,458.59
723,65,64,15,faktura,05-03-23,646.49
724,26,99,544,paragon,10-01-23,979.12
725,24,44,134,paragon,17-11-22,364.11
726,58,41,653,paragon,02-04-23,607.44
727,54,73,328,paragon,29-06-22,275.52
728,33,55,467,paragon,08-04-23,641.7
729,39,32,429,faktura,30-08-22,710.6
730,47,11,26,paragon,04-07-22,166.97
731,65,90,11,paragon,26-08-22,425.41
732,41,3,250,faktura,23-04-23,768.2
733,45,97,461,faktura,16-08-22,159.95
734,42,23,549,faktura,04-06-23,708.36
735,5,54,416,paragon,01-02-23,423.6
736,6,19,519,faktura,01-01-23,574.4
737,57,8,765,paragon,06-06-23,164.33
738,88,62,585,paragon,15-12-22,390.46
739,94,46,119,faktura,25-04-23,335.23
740,8,48,523,paragon,31-01-23,994.32
741,89,73,145,faktura,22-12-22,592.85
742,88,63,657,faktura,30-10-22,316.98
743,86,38,783,faktura,24-08-22,227.65
744,55,78,193,faktura,20-04-23,419.38
745,39,12,777,paragon,22-06-23,831.29
746,17,5,61,paragon,25-06-22,202.75
747,35,67,351,paragon,06-03-23,182.6
748,42,5,193,faktura,28-01-23,154.19
749,20,42,592,paragon,30-07-22,373.38
750,86,47,353,faktura,24-12-22,969.23
751,21,47,461,paragon,23-01-23,787.41
752,66,48,531,faktura,14-10-22,338.09
753,50,35,185,faktura,08-10-22,874.71
754,49,7,168,faktura,06-02-23,203.06
755,28,36,449,paragon,10-09-22,966.33
756,63,84,440,paragon,26-03-23,46.23
757,38,1,656,faktura,05-06-23,897.2
758,66,85,197,faktura,12-09-22,107.5
759,52,73,423,paragon,19-11-22,990.41
760,71,97,285,faktura,23-01-23,340.05
761,74,34,67,faktura,24-11-22,266.71
762,74,44,31,faktura,27-06-22,649.5
763,93,4,319,faktura,09-12-22,40.88
764,94,34,252,paragon,08-09-22,57.35
765,80,46,0,paragon,06-05-23,261.1
766,49,81,502,paragon,27-03-23,772.69
767,60,30,720,faktura,22-05-23,373.88
768,91,61,651,faktura,15-05-23,291.33
769,88,44,521,paragon,23-12-22,556.13
770,80,36,310,faktura,25-08-22,33.26
771,31,13,134,faktura,07-10-22,798.22
772,56,50,510,faktura,11-10-22,138.46
773,87,13,26,paragon,21-12-22,575.74
774,79,23,696,faktura,02-08-22,64.21
775,82,71,575,paragon,07-11-22,488.29
776,23,14,242,faktura,07-12-22,360.23
777,33,71,113,paragon,11-08-22,649.34
778,34,22,436,paragon,30-01-23,486.92
779,22,7,227,faktura,24-09-22,98.95
780,71,15,519,faktura,16-08-22,856.99
781,73,97,85,paragon,25-10-22,939.48
782,19,4,630,paragon,13-08-22,874.34
783,79,13,136,faktura,30-09-22,681.99
784,23,33,678,faktura,21-06-23,193.62
785,4,28,94,faktura,22-05-23,100.47
786,45,79,590,faktura,21-03-23,197.96
787,96,87,91,faktura,30-01-23,499.48
788,14,84,463,paragon,25-01-23,844.69
789,72,73,47,paragon,24-12-22,896.26
790,51,84,401,paragon,06-06-23,356.01
791,89,93,437,paragon,22-04-23,668.85
792,19,47,18,paragon,01-01-23,324.86
793,66,66,620,paragon,12-01-23,542.61
794,36,92,546,faktura,17-04-23,311.07
795,80,84,710,paragon,17-04-23,722.67
796,84,78,65,paragon,29-01-23,195.47
797,68,39,475,faktura,25-03-23,74.83
798,36,26,428,faktura,06-01-23,798.44
799,92,21,345,paragon,30-08-22,448.24
800,52,7,124,faktura,05-11-22,799.09
801,8,23,406,faktura,04-03-23,977.54
802,80,66,119,faktura,04-08-22,47.76
803,15,28,245,paragon,27-04-23,732.85
804,39,96,165,paragon,20-12-22,888.79
805,53,3,124,faktura,24-02-23,694.91
806,27,52,108,paragon,12-10-22,444.57
807,49,70,164,faktura,12-09-22,269.88
808,82,48,343,paragon,19-06-23,636.74
809,84,58,108,faktura,20-03-23,73.36
810,18,64,158,paragon,26-12-22,846.24
811,65,38,750,paragon,09-08-22,906.46
812,42,49,316,paragon,06-06-23,487.85
813,95,99,444,faktura,07-03-23,530.91
814,53,50,242,faktura,26-10-22,131.27
815,54,49,347,faktura,11-02-23,465.57
816,50,58,122,faktura,29-12-22,236.82
817,9,31,314,faktura,21-04-23,977.59
818,65,0,400,faktura,26-04-23,558.72
819,58,23,775,faktura,17-05-23,86.15
820,18,14,13,paragon,18-03-23,56.46
821,70,90,521,faktura,17-04-23,33.77
822,83,11,269,paragon,06-12-22,891.7
823,86,95,458,paragon,03-06-23,457.22
824,71,19,275,paragon,19-11-22,459.14
825,0,71,607,faktura,06-02-23,567.35
826,31,38,756,faktura,20-01-23,131.67
827,22,99,485,paragon,24-05-23,67.06
828,85,86,413,faktura,29-08-22,555.94
829,76,11,184,faktura,15-02-23,655.93
830,20,63,531,faktura,30-03-23,957.2
831,98,32,318,paragon,26-08-22,846.93
832,45,16,569,paragon,18-08-22,74.68
833,44,74,629,paragon,19-01-23,299.44
834,85,63,785,faktura,01-07-22,412.36
835,15,32,108,paragon,13-04-23,801.28
836,48,22,61,paragon,07-06-23,994.58
837,65,91,357,faktura,03-07-22,126.3
838,71,91,491,faktura,27-01-23,433.14
839,94,72,35,faktura,10-09-22,940.53
840,96,1,201,faktura,29-04-23,601.53
841,87,73,23,faktura,18-06-23,642.77
842,74,75,497,faktura,28-01-23,222.44
843,51,20,277,faktura,18-05-23,467.02
844,86,27,171,paragon,03-07-22,617.43
845,58,86,4,faktura,09-07-22,466.91
846,61,52,268,faktura,31-05-23,132.24
847,43,54,561,faktura,26-11-22,464.34
848,22,33,242,paragon,25-02-23,500.42
849,33,91,332,faktura,01-01-23,923.79
850,53,15,736,faktura,20-02-23,750.83
851,83,21,711,paragon,23-06-23,43.69
852,87,81,263,faktura,06-10-22,765.56
853,78,75,426,paragon,23-03-23,611.6
854,39,54,494,faktura,29-08-22,881.02
855,81,16,0,faktura,28-11-22,433.09
856,42,24,738,faktura,17-11-22,474.11
857,3,55,141,faktura,13-04-23,406.75
858,67,52,427,paragon,26-11-22,453.41
859,19,31,425,faktura,29-03-23,203.76
860,52,31,625,faktura,11-08-22,125.54
861,71,76,393,paragon,23-10-22,320.81
862,85,32,447,paragon,16-09-22,411.04
863,95,57,796,faktura,27-06-22,782.19
864,26,75,397,faktura,05-01-23,671.1
865,36,18,483,paragon,04-11-22,713.31
866,82,99,623,faktura,22-09-22,607.57
867,46,53,108,paragon,30-09-22,736.28
868,41,20,25,faktura,04-02-23,273.39
869,33,65,7,faktura,13-09-22,766.43
870,0,22,392,paragon,18-01-23,305.45
871,80,82,255,paragon,12-11-22,674.99
872,89,58,90,paragon,04-11-22,17.28
873,64,40,666,faktura,10-02-23,691.71
874,44,61,161,paragon,16-11-22,635.37
875,70,74,196,faktura,12-07-22,859.88
876,55,42,112,faktura,14-08-22,82.31
877,90,56,481,faktura,13-02-23,194.17
878,56,87,557,faktura,21-02-23,698.43
879,45,84,621,faktura,26-05-23,883.85
880,87,53,605,faktura,19-08-22,24.29
881,72,74,751,paragon,09-06-23,252.62
882,43,30,51,faktura,06-01-23,896.97
883,73,48,717,faktura,15-06-23,945.33
884,31,3,535,faktura,04-10-22,628.29
885,59,52,559,faktura,20-08-22,896.04
886,26,24,425,faktura,28-01-23,575.57
887,72,60,273,paragon,12-08-22,884.83
888,13,51,38,paragon,24-03-23,396.46
889,94,62,707,faktura,30-09-22,163.52
890,6,5,669,paragon,16-10-22,588.36
891,84,59,573,paragon,20-04-23,809.94
892,17,88,374,faktura,18-11-22,844.34
893,67,6,536,faktura,11-05-23,275.36
894,76,91,43,faktura,25-08-22,382.53
895,51,78,471,faktura,10-11-22,643.16
896,31,74,582,faktura,20-06-23,211.23
897,88,24,367,paragon,09-05-23,123.03
898,97,92,524,faktura,18-02-23,340.25
899,94,70,363,paragon,27-08-22,745.84
900,78,80,496,paragon,28-08-22,755.61
901,18,19,410,faktura,18-12-22,332.07
902,9,4,136,paragon,06-02-23,713.73
903,57,57,96,faktura,08-10-22,192.73
904,22,82,121,paragon,02-12-22,775.66
905,7,50,637,faktura,18-02-23,932.28
906,79,71,98,faktura,28-07-22,284.85
907,42,14,101,faktura,17-06-23,76.73
908,66,15,442,faktura,16-04-23,68.83
909,37,51,597,faktura,13-07-22,382.76
910,88,22,239,faktura,19-10-22,866.15
911,16,45,89,faktura,29-07-22,396.56
912,23,24,528,faktura,17-07-22,846.91
913,18,48,167,paragon,18-07-22,907.05
914,70,78,362,faktura,21-05-23,737.81
915,50,53,614,faktura,09-03-23,167.95
916,40,47,436,faktura,09-02-23,642.49
917,31,97,436,faktura,26-04-23,192.42
918,62,22,751,paragon,28-06-22,260.14
919,77,69,110,faktura,10-09-22,692.67
920,2,1,343,paragon,08-12-22,24.3
921,46,2,149,faktura,01-05-23,269.82
922,11,58,476,faktura,18-04-23,893.25
923,75,59,356,paragon,14-02-23,370.63
924,47,34,77,faktura,24-11-22,133.51
925,12,91,693,faktura,28-07-22,337.05
926,11,66,409,faktura,15-08-22,302.17
927,62,88,243,faktura,24-07-22,64.41
928,79,39,147,faktura,25-12-22,381.26
929,46,89,749,faktura,23-05-23,335.58
930,71,9,699,faktura,11-06-23,778.67
931,45,0,342,paragon,03-10-22,869.16
932,78,79,738,paragon,28-05-23,667.14
933,81,2,720,paragon,07-11-22,453.41
934,16,42,796,faktura,17-02-23,898.33
935,1,40,28,paragon,30-01-23,136.4
936,3,65,288,faktura,28-09-22,507.06
937,25,1,208,faktura,23-11-22,590.55
938,36,4,98,paragon,28-01-23,707.85
939,93,37,234,faktura,05-06-23,693.15
940,70,87,352,paragon,04-10-22,157.14
941,40,2,124,faktura,02-11-22,170.59
942,41,36,795,paragon,03-07-22,84.35
943,22,99,416,paragon,30-01-23,439.07
944,65,26,78,paragon,22-01-23,109.43
945,11,52,344,faktura,15-01-23,268.75
946,9,57,702,paragon,04-06-23,35.06
947,4,30,211,paragon,23-10-22,497.79
948,16,68,278,faktura,13-08-22,797.29
949,70,13,184,faktura,13-12-22,283.76
950,33,71,491,faktura,12-06-23,809.72
951,33,82,357,faktura,17-09-22,570.69
952,49,56,754,faktura,12-05-23,156.27
953,51,97,304,faktura,01-04-23,310.44
954,22,94,403,paragon,03-12-22,229.16
955,97,62,38,paragon,04-03-23,756.53
956,78,68,711,faktura,18-07-22,828.42
957,15,95,30,faktura,11-12-22,939.57
958,1,52,408,paragon,16-04-23,420.75
959,28,44,188,paragon,05-03-23,829.31
960,35,5,164,paragon,28-03-23,979.98
961,85,11,788,paragon,31-05-23,112.45
962,93,40,335,faktura,12-09-22,834.41
963,22,53,792,faktura,14-01-23,156.86
964,82,49,729,paragon,14-07-22,530.57
965,33,70,597,faktura,12-05-23,146.98
966,98,73,269,paragon,02-11-22,209.06
967,59,57,6,faktura,17-05-23,409.46
968,70,25,757,paragon,06-12-22,951.66
969,93,3,255,faktura,12-11-22,669.12
970,61,31,435,paragon,17-04-23,873.35
971,18,40,462,paragon,04-07-22,458.55
972,79,82,657,paragon,20-06-23,408.43
973,74,15,496,paragon,28-10-22,159.79
974,96,20,731,faktura,23-10-22,281.09
975,25,36,353,paragon,29-08-22,863.76
976,53,10,557,faktura,16-03-23,329.33
977,74,96,536,faktura,15-09-22,544.92
978,89,90,339,paragon,16-09-22,126.71
979,59,55,487,paragon,31-10-22,953.75
980,3,15,44,paragon,22-06-23,710.95
981,48,61,660,faktura,23-07-22,915.99
982,42,15,446,faktura,05-07-22,532.39
983,96,82,244,paragon,23-06-23,379.54
984,29,61,571,paragon,03-01-23,606.11
985,38,48,265,faktura,01-07-22,310.71
986,23,55,341,paragon,29-09-22,342.98
987,78,51,718,paragon,18-09-22,570.68
988,84,70,707,paragon,10-05-23,764.61
989,38,88,564,paragon,29-08-22,212.52
990,86,74,748,faktura,02-04-23,765.57
991,24,89,428,faktura,10-12-22,886.77
992,40,38,204,paragon,01-09-22,591.21
993,47,44,232,paragon,02-03-23,134.69
994,14,61,562,faktura,27-11-22,96.15
995,28,77,567,faktura,09-03-23,19.52
996,82,34,347,paragon,28-01-23,376.6
997,6,0,749,paragon,08-06-23,320.57
998,22,91,65,faktura,08-07-22,829.58
999,87,18,363,faktura,19-07-22,489.17
