0,211,558,2016-02-09,1,1,2023-05-05
1,390,658,2020-04-10,1,0,
2,784,72,2015-11-29,1,0,
3,585,615,2020-04-21,1,0,
4,182,313,2014-03-09,0,1,2023-01-22
5,337,755,2022-09-19,0,0,
6,919,26,2021-06-20,0,1,2023-04-04
7,341,114,2013-07-20,0,0,
8,167,406,2022-01-20,1,0,
9,194,650,2019-05-27,0,1,2023-03-30
10,789,47,2019-01-01,0,0,
11,307,618,2016-05-25,1,1,2023-05-08
12,635,140,2022-07-05,0,1,2023-03-22
13,175,592,2014-04-16,1,1,2023-05-14
14,631,949,2016-02-04,0,1,2022-12-06
15,372,238,2019-07-29,0,1,2023-04-30
16,756,143,2021-03-19,1,0,
17,808,267,2015-08-13,1,1,2023-04-01
18,518,371,2016-08-22,0,0,
19,372,180,2017-01-08,0,0,
20,994,889,2014-12-13,0,0,
21,383,418,2014-07-14,0,0,
22,679,265,2016-10-19,0,0,
23,959,191,2018-03-19,0,1,2022-12-16
24,36,322,2021-05-18,0,0,
25,478,960,2021-04-22,1,0,
26,737,606,2015-04-05,0,1,2022-10-24
27,654,797,2016-04-25,1,1,2022-10-27
28,501,689,2017-10-20,0,0,
29,945,304,2014-06-05,1,1,2023-05-12
30,300,484,2021-06-22,0,1,2022-09-11
31,196,752,2020-02-01,1,0,
32,125,540,2022-04-11,0,0,
33,314,730,2021-10-31,1,1,2022-12-05
34,542,629,2015-06-05,0,1,2022-06-17
35,774,744,2020-05-26,0,1,2022-12-15
36,797,873,2018-02-28,0,0,
37,539,515,2016-09-30,0,0,
38,286,797,2022-03-26,1,1,2022-10-05
39,603,647,2019-09-13,0,0,
40,791,632,2016-09-27,0,1,2023-04-20
41,422,876,2015-05-14,0,1,2023-03-16
42,541,624,2014-11-04,0,1,2022-07-04
43,195,513,2022-08-27,0,0,
44,741,786,2015-02-27,1,1,2022-10-16
45,158,416,2019-07-01,1,0,
46,301,13,2016-10-25,0,1,2022-12-29
47,742,566,2019-09-25,1,0,
48,958,747,2018-05-13,1,0,
49,573,787,2015-05-08,0,1,2023-03-11
50,882,685,2015-10-23,1,1,2023-03-20
51,154,761,2015-11-04,0,1,2023-05-08
52,93,363,2015-01-11,1,1,2022-12-14
53,769,747,2015-08-06,1,0,
54,928,149,2017-12-25,1,1,2022-06-05
55,985,89,2015-03-10,1,0,
56,633,926,2022-12-09,1,1,2022-12-14
57,801,773,2023-06-02,1,1,2022-06-22
58,509,505,2016-08-18,0,0,
59,183,287,2013-06-17,0,0,
60,261,77,2018-11-25,1,1,2022-09-10
61,816,598,2020-01-23,0,1,2023-02-01
62,355,264,2022-03-07,1,0,
63,923,164,2015-01-20,0,1,2023-02-04
64,526,293,2016-05-09,0,0,
65,299,525,2013-09-14,1,1,2022-09-30
66,373,121,2022-10-03,1,0,
67,217,532,2014-03-25,1,0,
68,338,266,2014-10-09,0,1,2023-01-20
69,904,538,2013-10-12,0,1,2022-11-12
70,104,599,2013-11-15,0,1,2023-05-18
71,304,858,2020-09-02,1,0,
72,760,190,2018-05-15,0,1,2023-04-23
73,811,563,2023-02-09,1,0,
74,243,965,2017-07-27,0,1,2022-09-14
75,477,843,2013-06-08,1,0,
76,466,154,2023-03-13,0,0,
77,413,33,2014-11-29,0,0,
78,239,749,2013-10-18,1,0,
79,211,51,2019-02-02,0,1,2023-01-07
80,71,914,2013-11-02,0,1,2023-04-15
81,581,643,2016-09-25,0,0,
82,155,318,2017-07-19,0,0,
83,764,928,2022-06-29,0,1,2022-06-16
84,553,74,2013-06-12,0,1,2022-10-07
85,613,34,2021-05-20,1,0,
86,850,747,2021-04-06,1,1,2022-12-11
87,47,579,2022-08-13,1,1,2022-08-27
88,517,987,2016-07-03,0,0,
89,394,56,2013-11-20,1,0,
90,894,235,2013-07-09,1,0,
91,898,671,2023-01-24,0,1,2023-02-19
92,301,997,2019-01-18,1,1,2022-06-26
93,199,377,2022-09-06,0,1,2022-12-30
94,345,342,2013-06-20,1,1,2023-04-20
95,15,4,2018-07-11,0,1,2022-07-31
96,716,107,2014-06-07,0,0,
97,600,713,2021-08-14,1,1,2023-04-15
98,507,92,2019-07-17,0,0,
99,789,439,2018-02-12,1,0,
100,253,441,2017-08-12,0,0,
101,151,469,2021-07-29,1,1,2022-07-14
102,254,81,2018-07-26,0,1,2023-02-09
103,288,129,2014-07-17,0,1,2022-06-04
104,44,222,2021-09-07,0,1,2023-06-01
105,792,458,2020-10-03,1,0,
106,871,593,2019-08-07,0,1,2022-06-14
107,586,671,2019-04-02,1,1,2022-12-13
108,135,573,2017-12-04,1,0,
109,980,224,2021-08-24,0,0,
110,294,280,2017-08-23,0,0,
111,741,204,2017-10-27,0,1,2022-08-23
112,568,368,2022-06-01,1,1,2023-01-16
113,284,222,2014-02-05,0,1,2022-10-12
114,792,569,2013-06-28,0,0,
115,916,430,2014-03-29,1,0,
116,69,871,2015-06-14,1,0,
117,743,575,2014-05-15,1,1,2022-06-14
118,613,964,2022-11-15,0,1,2023-01-27
119,157,446,2014-08-15,1,0,
120,148,889,2014-01-15,1,0,
121,938,754,2017-01-27,0,1,2022-11-24
122,811,595,2019-07-28,0,0,
123,727,877,2016-04-04,1,0,
124,428,574,2015-07-09,1,1,2023-04-10
125,311,498,2016-02-07,0,0,
126,974,981,2016-06-05,1,0,
127,446,62,2015-02-02,1,1,2022-10-25
128,311,423,2021-12-09,1,1,2022-07-12
129,995,232,2021-12-20,0,0,
130,880,224,2019-07-23,0,0,
131,390,992,2016-01-16,0,0,
132,381,6,2018-07-29,0,0,
133,906,367,2013-10-21,1,1,2022-11-15
134,17,819,2021-09-07,1,0,
135,268,363,2013-11-12,1,1,2022-08-25
136,854,952,2020-09-29,0,1,2023-03-25
137,487,919,2014-06-01,1,1,2023-01-22
138,870,919,2022-05-30,0,1,2022-07-19
139,356,527,2022-05-19,0,0,
140,297,980,2016-09-18,0,1,2023-05-15
141,528,97,2019-07-03,0,1,2023-02-05
142,784,544,2023-05-09,1,1,2022-08-12
143,550,718,2019-02-20,1,0,
144,833,977,2014-04-21,1,1,2023-05-22
145,959,466,2016-06-24,1,1,2023-05-13
146,133,197,2021-02-18,1,0,
147,250,732,2014-07-05,1,1,2023-03-04
148,304,978,2022-04-27,0,1,2023-02-24
149,798,847,2023-02-07,0,1,2022-11-25
150,145,678,2018-09-26,1,1,2022-11-25
151,297,726,2016-01-15,1,0,
152,369,207,2015-11-11,1,1,2022-07-17
153,122,728,2017-01-31,0,0,
154,970,49,2021-06-15,0,1,2022-10-05
155,866,201,2021-06-22,0,1,2023-03-27
156,142,742,2022-11-08,0,0,
157,147,549,2014-05-06,1,0,
158,615,264,2019-04-11,0,1,2023-03-11
159,290,227,2021-04-18,1,1,2023-02-27
160,830,11,2020-12-09,0,0,
161,330,795,2017-02-06,1,0,
162,143,453,2019-03-09,1,1,2022-10-16
163,235,663,2023-03-15,1,1,2022-12-24
164,102,714,2020-04-25,0,1,2023-03-23
165,733,593,2014-10-17,1,1,2022-09-28
166,630,528,2020-10-10,0,1,2023-01-20
167,30,901,2018-04-24,0,1,2022-12-26
168,566,111,2016-03-24,1,0,
169,795,428,2018-02-26,0,0,
170,350,505,2013-10-08,1,0,
171,325,905,2022-01-22,0,1,2022-11-05
172,107,878,2021-02-01,0,1,2023-05-01
173,495,218,2016-01-10,0,0,
174,101,522,2015-09-03,0,0,
175,195,892,2013-11-14,0,0,
176,896,763,2017-08-28,0,1,2023-03-04
177,728,465,2015-12-22,0,1,2022-08-13
178,281,999,2020-12-09,1,0,
179,829,203,2023-04-02,1,0,
180,277,861,2021-12-21,0,0,
181,698,769,2020-09-27,1,0,
182,819,654,2015-05-08,0,1,2023-03-21
183,623,565,2019-07-07,0,1,2022-12-30
184,214,575,2015-09-03,1,0,
185,954,634,2015-04-02,1,0,
186,420,871,2014-02-01,0,1,2023-04-27
187,480,395,2019-05-14,0,1,2023-03-31
188,909,591,2016-09-05,1,0,
189,846,362,2020-01-23,0,1,2022-12-07
190,60,301,2014-03-23,0,1,2023-01-23
191,32,694,2021-04-06,1,0,
192,101,469,2022-10-27,1,1,2023-02-17
193,957,339,2021-05-29,0,1,2023-01-22
194,272,981,2017-10-22,1,1,2022-06-03
195,798,449,2016-12-25,1,1,2022-11-14
196,805,508,2019-04-14,1,0,
197,489,726,2016-02-16,1,0,
198,9,844,2016-04-29,0,1,2022-12-08
199,664,438,2014-07-24,0,0,
200,344,693,2013-08-25,1,1,2022-06-28
201,826,982,2020-09-20,1,0,
202,426,209,2021-12-03,1,1,2023-03-03
203,789,80,2015-06-26,0,0,
204,330,785,2015-07-31,0,0,
205,19,482,2018-03-05,1,0,
206,210,683,2014-05-27,0,1,2022-10-05
207,951,457,2017-05-16,1,0,
208,72,758,2018-12-24,1,0,
209,149,138,2016-02-18,0,1,2022-12-13
210,736,425,2020-09-01,1,1,2022-07-23
211,409,360,2014-11-05,1,1,2023-04-01
212,298,499,2020-04-07,0,0,
213,334,254,2019-05-18,1,0,
214,8,600,2021-12-29,1,0,
215,413,474,2013-12-13,0,0,
216,304,595,2022-06-01,1,1,2022-12-26
217,170,910,2014-02-05,0,1,2023-04-15
218,305,954,2013-06-21,1,1,2023-03-23
219,645,521,2015-07-21,0,0,
220,548,445,2022-12-01,0,1,2022-11-05
221,424,473,2017-07-15,0,0,
222,857,220,2021-04-27,0,1,2023-03-29
223,92,211,2013-10-01,0,0,
224,278,184,2014-07-20,1,1,2022-06-09
225,661,522,2014-06-16,0,1,2022-09-13
226,409,484,2019-08-31,1,0,
227,593,693,2016-04-01,0,1,2023-05-17
228,609,230,2015-02-14,0,1,2022-09-10
229,512,455,2019-01-26,1,0,
230,370,844,2021-04-11,1,0,
231,599,782,2020-05-17,0,1,2022-08-14
232,348,433,2017-03-16,0,0,
233,883,773,2021-03-12,0,1,2023-04-16
234,529,999,2015-03-09,1,0,
235,481,919,2014-01-22,1,0,
236,559,343,2016-12-23,0,1,2022-12-07
237,378,109,2022-02-09,1,1,2023-01-12
238,167,604,2016-04-30,1,0,
239,671,326,2017-08-19,0,0,
240,748,823,2019-01-12,1,1,2022-12-08
241,209,499,2014-12-04,0,1,2022-06-29
242,575,537,2022-06-09,0,1,2022-09-01
243,227,125,2014-08-11,0,0,
244,371,304,2020-05-23,1,1,2022-11-30
245,225,334,2018-07-29,1,1,2023-03-09
246,570,956,2022-09-27,0,0,
247,927,477,2015-12-19,0,0,
248,395,106,2020-08-04,0,1,2023-05-26
249,917,604,2022-09-09,1,1,2023-05-20
250,753,436,2017-03-07,0,0,
251,606,920,2018-02-17,0,1,2023-01-30
252,486,441,2015-01-11,1,0,
253,569,160,2022-10-30,0,1,2023-02-21
254,843,609,2013-09-14,1,1,2022-08-15
255,132,520,2016-11-26,1,0,
256,262,157,2022-08-13,1,0,
257,232,360,2014-07-10,1,1,2022-08-02
258,630,990,2021-11-14,1,0,
259,298,961,2021-10-15,1,0,
260,934,530,2019-03-17,1,1,2023-01-14
261,737,672,2017-10-13,1,0,
262,737,629,2022-10-04,0,0,
263,500,807,2021-01-26,1,1,2023-01-02
264,726,864,2015-08-10,0,1,2023-04-26
265,696,846,2018-04-02,0,1,2022-11-19
266,961,211,2023-05-06,1,0,
267,978,691,2020-03-12,0,1,2023-03-24
268,194,61,2022-05-06,0,0,
269,930,626,2021-05-09,1,0,
270,946,624,2022-03-10,0,0,
271,151,903,2016-09-09,0,1,2022-12-21
272,667,702,2019-01-28,1,0,
273,260,893,2020-09-17,1,0,
274,486,940,2015-10-21,0,0,
275,866,304,2018-09-09,0,0,
276,818,824,2017-12-09,0,1,2022-11-26
277,634,792,2023-04-11,0,1,2022-08-17
278,370,66,2021-01-06,1,1,2022-12-19
279,973,717,2019-10-02,1,0,
280,938,606,2016-03-05,1,1,2022-09-21
281,202,248,2020-03-14,1,1,2022-09-08
282,868,55,2022-07-09,0,0,
283,30,20,2020-04-13,0,1,2023-04-16
284,640,267,2017-09-03,1,0,
285,717,249,2016-07-15,1,1,2022-12-27
286,520,306,2018-02-03,1,1,2022-09-13
287,103,218,2020-03-24,1,0,
288,888,651,2022-08-28,0,0,
289,621,346,2014-09-27,0,1,2022-09-02
290,421,649,2015-07-23,1,1,2022-12-03
291,745,273,2020-10-08,0,1,2023-03-22
292,693,753,2014-04-04,1,0,
293,266,580,2015-10-08,1,1,2023-03-11
294,494,729,2017-10-05,1,1,2023-04-20
295,899,954,2018-01-04,0,1,2022-10-04
296,113,166,2016-01-10,1,0,
297,465,511,2021-10-07,0,0,
298,783,983,2019-06-12,0,0,
299,995,920,2020-06-06,1,1,2023-05-25
300,471,663,2020-12-11,0,0,
301,789,591,2021-10-17,1,0,
302,931,499,2014-11-12,1,0,
303,185,807,2023-03-20,0,0,
304,501,554,2017-01-05,1,1,2022-10-30
305,744,593,2015-11-09,1,0,
306,261,974,2014-01-05,0,1,2022-09-05
307,987,486,2016-04-14,0,1,2022-12-12
308,96,565,2020-09-14,1,1,2023-02-16
309,299,113,2019-03-24,0,1,2022-11-24
310,62,167,2019-10-16,0,0,
311,823,938,2021-10-05,0,1,2023-04-05
312,963,471,2013-11-21,1,1,2023-04-01
313,726,119,2023-02-11,0,0,
314,664,979,2020-03-25,1,1,2022-08-09
315,430,537,2016-12-04,1,1,2023-05-03
316,575,518,2022-09-20,1,0,
317,894,294,2015-04-15,0,1,2022-07-13
318,501,614,2016-06-07,0,1,2022-12-07
319,950,607,2021-01-21,0,1,2022-08-29
320,122,731,2017-09-15,0,1,2022-11-23
321,275,577,2015-02-09,1,0,
322,576,865,2019-12-31,1,0,
323,429,549,2016-01-02,1,1,2023-01-07
324,20,158,2021-09-29,0,1,2023-04-06
325,872,909,2016-12-03,0,0,
326,598,409,2016-08-25,0,1,2022-07-20
327,473,802,2018-04-04,1,0,
328,935,620,2014-11-09,0,1,2023-05-18
329,21,262,2019-02-27,0,1,2022-06-29
330,888,308,2016-07-13,0,1,2022-06-06
331,247,369,2022-09-01,1,1,2022-10-03
332,365,757,2021-03-30,1,1,2023-02-06
333,510,509,2013-06-27,1,1,2023-04-02
334,314,948,2015-06-29,0,1,2022-07-15
335,272,888,2016-02-20,1,0,
336,382,501,2015-02-11,0,1,2023-04-05
337,798,590,2014-12-24,1,1,2022-06-27
338,337,768,2021-09-23,1,0,
339,891,601,2014-12-21,1,0,
340,357,276,2015-04-07,0,1,2022-11-28
341,281,828,2022-01-02,1,0,
342,914,363,2016-03-17,0,1,2023-02-05
343,992,181,2019-02-12,0,1,2022-09-30
344,619,192,2013-07-17,1,0,
345,515,27,2020-09-20,1,0,
346,824,991,2015-11-20,0,0,
347,416,286,2016-05-12,1,1,2022-09-23
348,334,461,2017-09-06,1,1,2022-09-28
349,806,112,2021-02-08,0,0,
350,451,242,2016-06-13,1,0,
351,607,201,2021-03-31,0,0,
352,371,174,2018-07-07,1,0,
353,612,807,2017-08-15,0,1,2022-09-29
354,620,788,2018-06-08,0,0,
355,951,276,2016-03-15,0,0,
356,2,524,2018-08-29,0,1,2022-08-20
357,959,337,2021-08-20,1,1,2022-08-09
358,467,3,2018-11-29,1,1,2023-05-14
359,658,756,2019-11-19,1,0,
360,842,920,2014-08-25,1,0,
361,408,276,2020-06-01,0,0,
362,214,174,2021-10-04,0,1,2023-04-27
363,928,810,2017-07-06,1,1,2023-01-14
364,0,644,2023-05-31,0,0,
365,818,342,2015-08-31,0,1,2022-10-15
366,144,830,2017-03-10,0,1,2023-01-31
367,304,602,2021-04-19,1,0,
368,771,462,2021-10-20,1,1,2023-05-11
369,925,688,2019-10-30,0,0,
370,22,629,2022-01-14,1,0,
371,249,564,2016-11-28,0,0,
372,877,953,2013-08-21,0,1,2022-06-21
373,723,520,2022-05-20,1,0,
374,320,316,2014-03-17,1,0,
375,911,480,2019-01-23,0,0,
376,786,119,2016-10-20,1,0,
377,360,912,2015-12-27,0,1,2023-05-29
378,590,804,2018-10-24,0,1,2023-02-11
379,216,980,2019-05-05,1,0,
380,576,921,2019-01-09,1,1,2022-12-13
381,127,34,2017-11-27,0,0,
382,611,807,2022-06-15,0,0,
383,491,24,2017-03-24,1,1,2022-12-26
384,577,193,2020-11-10,0,1,2022-10-16
385,885,434,2013-11-24,1,0,
386,848,468,2019-11-19,1,1,2022-11-13
387,111,169,2021-08-09,1,1,2022-10-05
388,877,751,2016-08-28,0,1,2023-05-17
389,356,424,2014-07-08,0,1,2022-10-02
390,890,340,2017-05-11,0,0,
391,25,547,2019-12-03,0,0,
392,98,306,2021-08-20,1,1,2022-09-18
393,238,403,2021-04-27,1,1,2022-12-22
394,15,282,2017-03-29,1,0,
395,427,672,2019-07-29,0,0,
396,125,257,2017-06-20,1,1,2022-09-10
397,16,584,2018-05-13,0,1,2023-05-15
398,200,460,2021-03-27,1,0,
399,76,929,2021-07-30,1,0,
400,924,1,2021-01-22,0,1,2023-01-05
401,616,275,2021-12-13,1,0,
402,654,406,2017-12-27,1,1,2022-09-19
403,427,553,2014-05-11,1,1,2022-10-21
404,109,262,2021-05-26,0,1,2022-12-03
405,655,684,2016-06-21,0,0,
406,590,153,2015-06-04,1,1,2023-04-26
407,305,332,2021-10-04,0,0,
408,103,272,2015-05-10,1,1,2022-12-08
409,965,219,2019-01-12,0,1,2023-04-16
410,206,876,2018-07-27,0,0,
411,52,436,2017-11-30,1,0,
412,418,435,2018-11-14,1,1,2022-11-28
413,125,28,2021-08-01,0,1,2022-10-01
414,194,610,2017-11-13,0,1,2022-12-07
415,357,226,2016-12-20,1,1,2023-03-30
416,364,69,2022-10-29,0,0,
417,714,407,2015-05-27,0,0,
418,910,652,2017-08-23,0,0,
419,681,201,2015-10-14,0,1,2023-01-20
420,656,861,2021-03-21,0,1,2022-11-01
421,52,299,2018-09-22,0,0,
422,970,587,2022-02-02,1,1,2022-10-15
423,726,500,2017-08-27,0,1,2023-04-05
424,762,868,2020-03-05,1,0,
425,435,443,2021-11-25,1,1,2023-05-18
426,251,685,2018-12-30,1,1,2022-11-29
427,891,943,2017-04-14,1,1,2022-07-10
428,933,999,2015-08-21,1,0,
429,368,499,2021-12-26,0,1,2022-09-28
430,836,923,2014-08-09,0,1,2022-08-11
431,468,531,2022-01-06,0,0,
432,592,342,2015-11-01,0,1,2022-09-23
433,146,106,2015-10-21,0,1,2023-03-30
434,186,532,2020-02-09,1,1,2022-08-24
435,43,886,2019-02-17,1,1,2022-06-12
436,228,246,2014-09-13,0,1,2022-08-06
437,316,919,2018-05-16,0,1,2022-12-26
438,887,533,2021-07-07,0,0,
439,317,404,2018-06-06,0,1,2023-02-15
440,166,500,2017-11-10,0,0,
441,938,537,2015-04-07,0,1,2023-04-06
442,473,959,2013-11-28,0,0,
443,303,75,2019-08-04,1,0,
444,153,391,2022-06-03,1,1,2022-08-16
445,228,987,2016-11-17,0,0,
446,305,176,2020-07-29,1,1,2023-05-29
447,313,790,2022-11-05,0,0,
448,903,990,2015-02-08,1,0,
449,594,630,2021-01-07,0,1,2023-01-28
450,990,885,2021-07-14,1,0,
451,610,331,2020-08-04,1,1,2022-07-30
452,138,531,2020-06-23,1,0,
453,867,549,2014-02-20,1,0,
454,120,409,2018-06-12,1,0,
455,253,281,2023-03-26,1,0,
456,623,263,2019-12-06,0,1,2023-03-05
457,747,369,2016-05-28,0,1,2023-04-15
458,347,391,2017-02-08,1,1,2022-09-27
459,798,928,2017-09-21,0,0,
460,964,976,2016-01-25,0,1,2023-04-28
461,328,685,2015-12-18,0,1,2022-10-07
462,946,265,2018-07-14,0,0,
463,160,783,2021-05-29,1,0,
464,16,997,2018-11-30,0,0,
465,24,950,2016-06-02,0,1,2023-05-31
466,794,486,2015-08-04,0,0,
467,876,169,2013-11-04,1,0,
468,782,643,2014-02-08,0,0,
469,72,616,2019-11-18,1,1,2023-05-01
470,27,662,2017-06-18,0,0,
471,337,662,2015-04-27,1,0,
472,952,484,2018-06-04,1,1,2022-09-17
473,395,39,2015-12-08,1,1,2022-10-28
474,770,725,2018-09-25,0,1,2022-06-23
475,955,685,2019-06-15,0,0,
476,47,602,2018-05-27,1,0,
477,882,337,2016-02-29,1,1,2022-07-30
478,589,545,2020-12-01,0,1,2022-09-23
479,606,137,2016-04-16,1,0,
480,21,382,2014-06-18,0,0,
481,884,313,2014-10-17,1,1,2022-07-26
482,895,561,2015-05-16,1,1,2023-04-20
483,671,429,2022-02-22,0,1,2022-10-23
484,472,945,2016-08-15,0,1,2023-04-20
485,366,201,2018-10-31,1,0,
486,684,920,2018-12-15,0,0,
487,843,186,2019-09-07,1,1,2022-08-20
488,894,997,2016-06-04,1,1,2022-11-07
489,308,366,2018-09-27,1,0,
490,63,43,2022-12-26,0,1,2023-01-29
491,170,54,2020-02-15,0,1,2023-02-25
492,746,768,2021-04-25,0,1,2022-10-16
493,68,910,2018-05-27,1,0,
494,301,27,2017-07-09,0,1,2022-11-20
495,354,37,2022-11-26,1,0,
496,359,614,2021-03-19,1,1,2022-09-28
497,558,299,2020-07-04,1,1,2023-03-27
498,229,112,2019-07-11,0,1,2023-01-17
499,478,89,2016-10-04,0,0,
500,125,749,2016-06-01,1,0,
501,321,531,2023-02-20,1,0,
502,975,741,2014-01-08,1,1,2022-11-07
503,600,637,2014-09-13,0,1,2022-10-05
504,25,625,2018-05-07,1,0,
505,831,122,2014-12-17,0,1,2023-03-29
506,901,197,2023-02-26,1,1,2022-06-13
507,668,66,2014-05-01,0,1,2023-03-11
508,877,883,2014-02-24,0,0,
509,333,718,2014-06-05,0,1,2022-11-20
510,507,923,2014-10-06,0,0,
511,441,342,2018-04-15,0,1,2023-03-20
512,289,345,2022-04-12,1,0,
513,174,115,2015-11-03,0,1,2023-05-15
514,283,952,2017-11-13,0,1,2022-09-12
515,175,906,2022-04-25,1,0,
516,316,113,2020-03-13,1,0,
517,412,358,2014-03-28,1,1,2022-10-30
518,566,959,2016-03-25,1,0,
519,938,613,2020-12-28,0,1,2022-08-31
520,920,736,2013-12-01,0,1,2023-05-09
521,1,429,2018-02-09,1,1,2022-08-18
522,825,84,2014-07-22,1,1,2022-12-29
523,294,188,2020-07-03,1,0,
524,64,556,2020-01-16,0,0,
525,425,462,2017-01-31,0,1,2022-07-27
526,94,382,2017-04-06,1,0,
527,290,991,2019-08-08,1,1,2023-01-16
528,440,101,2019-01-09,1,0,
529,890,422,2020-01-12,0,0,
530,359,270,2013-09-08,0,1,2022-10-02
531,649,845,2017-06-26,0,0,
532,459,286,2020-08-31,1,1,2022-07-06
533,164,804,2014-09-16,0,0,
534,32,215,2017-04-27,0,1,2023-04-22
535,663,943,2022-10-09,1,1,2023-02-16
536,910,409,2013-12-13,1,1,2023-01-05
537,7,701,2015-04-08,0,1,2022-11-03
538,424,652,2015-05-27,0,0,
539,883,508,2014-05-08,1,0,
540,86,622,2022-04-21,1,1,2022-06-21
541,547,579,2018-10-05,0,1,2022-07-03
542,404,93,2019-06-27,0,1,2023-02-14
543,249,664,2023-02-02,0,1,2022-11-05
544,896,873,2019-10-05,0,0,
545,740,582,2017-03-24,0,1,2023-01-30
546,229,458,2020-10-02,1,1,2022-08-27
547,939,360,2017-12-02,0,0,
548,272,978,2022-12-06,0,0,
549,599,16,2022-08-15,0,0,
550,206,0,2018-03-26,1,1,2023-04-22
551,433,48,2015-12-30,1,1,2023-05-11
552,631,234,2022-12-20,0,0,
553,121,827,2017-03-29,0,0,
554,539,738,2021-10-25,0,1,2023-01-08
555,884,36,2016-10-15,0,0,
556,583,388,2021-06-13,0,0,
557,149,390,2016-07-09,1,0,
558,472,915,2015-04-28,1,0,
559,52,223,2014-11-14,0,1,2022-08-07
560,973,492,2019-07-15,1,0,
561,736,363,2016-07-01,1,1,2022-12-27
562,647,658,2019-07-20,1,0,
563,250,622,2019-05-29,1,1,2023-04-20
564,520,493,2016-04-18,0,0,
565,705,465,2016-12-29,1,0,
566,498,912,2015-11-29,0,0,
567,582,968,2015-07-12,0,1,2023-05-25
568,470,790,2023-04-19,0,0,
569,40,809,2020-11-12,0,1,2023-01-17
570,179,99,2015-07-26,1,0,
571,478,244,2022-07-10,1,1,2023-01-25
572,371,479,2013-12-16,1,0,
573,905,959,2020-10-10,0,1,2022-09-23
574,140,107,2013-07-02,0,1,2023-03-07
575,740,925,2019-03-28,0,0,
576,830,469,2014-01-22,1,1,2022-12-20
577,45,556,2017-11-26,1,1,2022-11-16
578,32,231,2021-09-30,1,0,
579,736,419,2018-07-19,1,0,
580,700,357,2020-08-22,1,1,2022-09-25
581,56,829,2020-12-26,1,0,
582,595,113,2015-04-15,1,0,
583,938,309,2022-06-19,0,0,
584,713,958,2020-04-20,1,1,2022-06-11
585,268,897,2014-11-15,1,1,2022-07-24
586,136,627,2018-10-15,1,1,2023-04-29
587,260,810,2022-01-21,0,0,
588,798,498,2021-05-08,1,1,2022-12-30
589,162,214,2021-02-18,1,1,2022-09-23
590,970,262,2020-04-13,0,1,2022-12-29
591,493,905,2016-03-18,1,0,
592,316,949,2020-04-11,1,0,
593,149,511,2014-04-06,1,1,2022-10-10
594,608,370,2016-07-26,0,1,2023-01-04
595,647,829,2022-08-08,0,0,
596,879,54,2014-02-14,0,1,2023-05-14
597,444,918,2018-10-01,1,0,
598,922,174,2020-04-15,1,1,2023-04-30
599,421,374,2019-12-25,1,1,2023-04-25
600,170,942,2021-09-01,1,1,2022-09-05
601,245,509,2020-04-18,1,0,
602,515,521,2023-03-27,0,1,2022-07-31
603,124,960,2015-03-23,1,1,2022-10-03
604,643,816,2015-05-08,0,1,2022-06-15
605,269,716,2020-04-28,1,0,
606,451,562,2015-06-01,0,0,
607,673,797,2021-06-16,0,1,2023-01-06
608,267,862,2019-12-14,0,0,
609,649,89,2017-01-05,0,1,2022-09-16
610,647,912,2013-06-08,0,1,2023-06-01
611,882,917,2017-06-17,1,0,
612,814,662,2023-02-04,0,1,2022-07-22
613,485,262,2013-06-30,0,1,2022-09-18
614,189,112,2017-09-14,0,0,
615,303,482,2016-06-16,1,0,
616,905,592,2018-05-07,0,0,
617,577,736,2017-08-18,1,0,
618,298,870,2018-02-05,0,0,
619,424,599,2018-08-15,1,0,
620,370,167,2016-12-04,0,1,2023-05-09
621,644,310,2021-10-23,1,0,
622,219,142,2019-10-05,1,0,
623,415,932,2023-01-07,1,1,2023-02-05
624,801,175,2021-03-07,0,0,
625,102,273,2016-12-30,1,1,2023-01-14
626,910,713,2016-06-01,1,0,
627,939,505,2016-01-04,1,0,
628,640,189,2020-10-21,0,1,2022-12-26
629,991,154,2021-08-26,1,1,2022-07-12
630,751,193,2016-06-13,0,0,
631,145,526,2014-02-17,0,0,
632,623,656,2022-01-06,1,0,
633,975,59,2017-05-25,0,0,
634,539,21,2018-11-13,1,1,2022-09-28
635,793,794,2020-05-23,0,0,
636,556,624,2019-07-13,0,1,2022-11-30
637,215,648,2013-10-26,1,0,
638,339,564,2016-03-07,0,0,
639,138,378,2021-01-31,0,1,2022-11-09
640,829,931,2020-10-10,0,0,
641,394,955,2016-03-08,1,0,
642,812,936,2017-07-23,0,0,
643,1,368,2017-09-23,0,0,
644,935,845,2013-10-01,1,1,2023-02-20
645,296,693,2016-09-14,0,0,
646,423,780,2016-08-19,0,1,2022-12-26
647,496,167,2013-10-07,1,0,
648,75,448,2023-03-22,0,0,
649,942,987,2022-01-10,0,0,
650,296,329,2016-03-18,1,0,
651,111,30,2016-07-20,0,0,
652,951,847,2017-11-05,1,0,
653,427,189,2013-07-15,1,0,
654,902,734,2013-12-04,1,0,
655,848,786,2015-04-02,0,1,2023-05-05
656,290,420,2022-11-06,0,0,
657,25,19,2022-01-15,0,0,
658,88,670,2023-05-22,1,1,2023-03-20
659,30,631,2017-01-19,0,0,
660,234,247,2020-12-23,1,0,
661,724,523,2020-03-04,1,0,
662,740,38,2013-09-07,0,1,2022-10-11
663,536,710,2014-02-19,0,1,2022-08-26
664,405,573,2016-08-03,1,0,
665,296,921,2017-12-14,0,1,2023-01-24
666,450,67,2020-07-09,0,0,
667,419,694,2021-11-29,1,0,
668,815,653,2018-06-24,0,0,
669,716,624,2014-11-15,0,1,2023-04-23
670,686,366,2021-02-21,0,1,2022-10-26
671,237,817,2018-09-08,1,0,
672,238,787,2020-03-26,1,1,2023-03-20
673,101,411,2022-07-17,1,0,
674,252,369,2020-06-14,0,0,
675,508,453,2014-10-26,0,1,2023-02-27
676,150,711,2022-12-27,0,1,2022-06-23
677,656,148,2020-06-08,0,0,
678,998,668,2018-05-20,0,1,2022-08-14
679,712,304,2014-06-30,1,1,2022-06-29
680,126,99,2020-03-01,1,0,
681,505,386,2017-01-08,1,0,
682,761,791,2013-08-09,0,0,
683,22,585,2017-12-07,1,0,
684,518,156,2015-06-22,0,1,2023-03-11
685,478,452,2018-01-26,0,1,2022-06-23
686,987,640,2021-05-05,1,1,2023-01-28
687,891,633,2017-09-10,0,0,
688,686,915,2016-01-22,0,1,2022-09-09
689,539,463,2018-12-22,1,0,
690,282,544,2022-01-04,1,1,2022-11-06
691,73,859,2015-01-25,1,1,2022-12-27
692,795,445,2019-08-07,0,1,2022-09-06
693,715,188,2020-12-09,1,0,
694,895,792,2014-01-03,1,1,2023-05-21
695,399,391,2020-08-16,1,0,
696,267,170,2020-04-03,1,1,2023-03-22
697,477,206,2013-08-04,0,0,
698,195,713,2021-04-02,1,1,2022-07-02
699,12,62,2020-01-25,1,1,2023-03-29
700,343,761,2022-11-14,1,0,
701,123,214,2021-10-17,1,0,
702,202,415,2016-07-31,0,1,2022-06-30
703,251,178,2022-02-22,1,1,2022-08-13
704,632,228,2019-01-04,1,0,
705,428,289,2016-08-29,1,0,
706,588,820,2016-10-24,0,0,
707,543,663,2022-12-18,1,1,2023-05-03
708,199,723,2019-01-15,1,0,
709,44,220,2019-08-17,1,1,2023-03-31
710,344,449,2015-02-15,0,0,
711,894,240,2019-03-21,1,0,
712,913,726,2018-07-19,0,1,2022-08-23
713,903,310,2017-07-04,1,1,2023-04-20
714,429,331,2016-02-07,0,1,2023-01-20
715,752,486,2017-08-29,1,1,2022-07-03
716,329,526,2021-06-25,1,0,
717,48,936,2018-12-17,1,0,
718,769,800,2013-09-30,1,0,
719,985,397,2019-09-07,1,0,
720,813,532,2018-01-12,0,0,
721,36,438,2014-04-17,1,0,
722,964,541,2017-03-14,1,0,
723,766,180,2017-03-28,1,0,
724,668,105,2014-08-01,0,0,
725,710,553,2015-09-13,1,1,2022-12-01
726,928,969,2019-02-04,1,0,
727,683,158,2013-07-13,0,1,2022-11-06
728,415,143,2015-01-26,0,1,2022-06-24
729,348,53,2014-01-01,0,1,2023-03-28
730,734,921,2021-05-14,0,1,2022-08-27
731,72,224,2014-09-30,0,0,
732,424,424,2022-09-04,1,0,
733,801,725,2019-05-13,1,0,
734,200,79,2018-09-18,1,1,2023-04-03
735,767,829,2015-10-21,1,1,2022-07-10
736,595,607,2016-11-20,0,1,2023-05-09
737,533,713,2013-07-25,0,0,
738,103,131,2016-07-23,1,0,
739,531,901,2017-01-13,0,0,
740,647,849,2013-08-01,0,0,
741,327,631,2022-12-09,0,0,
742,704,74,2014-10-05,0,0,
743,364,124,2017-01-20,1,0,
744,12,470,2018-07-25,1,0,
745,753,8,2021-01-26,1,1,2022-11-24
746,137,197,2022-01-06,0,1,2022-09-02
747,241,102,2016-09-17,0,1,2022-07-06
748,281,323,2019-08-08,1,0,
749,634,827,2015-06-05,1,1,2023-01-12
750,344,998,2014-07-03,0,0,
751,151,251,2017-04-27,0,0,
752,319,259,2022-12-11,0,1,2023-03-14
753,640,445,2017-07-21,0,0,
754,698,473,2015-12-19,0,1,2022-06-10
755,952,184,2021-01-29,1,1,2022-10-22
756,837,290,2016-04-26,0,0,
757,93,407,2020-08-04,0,1,2023-01-10
758,290,206,2022-11-14,1,1,2022-07-26
759,136,209,2013-09-23,1,0,
760,501,670,2018-06-03,1,0,
761,557,3,2013-09-09,0,1,2022-11-07
762,450,569,2018-11-23,0,0,
763,38,923,2016-08-14,1,1,2022-11-08
764,969,437,2018-06-08,0,1,2022-07-07
765,813,103,2017-05-13,0,0,
766,32,270,2019-08-21,0,0,
767,755,64,2014-12-26,1,1,2023-04-03
768,173,187,2017-06-19,1,0,
769,299,608,2017-01-12,1,1,2022-10-17
770,871,434,2017-07-10,1,0,
771,292,232,2014-08-02,0,0,
772,688,339,2018-02-09,0,0,
773,179,474,2019-05-29,0,1,2023-02-14
774,994,407,2022-11-09,1,0,
775,56,160,2019-03-09,1,1,2022-07-24
776,610,953,2021-10-23,1,1,2022-11-06
777,794,271,2015-07-08,0,1,2023-05-16
778,759,757,2013-08-09,1,1,2022-07-03
779,294,944,2018-04-20,0,1,2022-12-27
780,435,493,2014-11-28,0,0,
781,513,278,2019-11-17,1,0,
782,718,263,2016-08-28,1,0,
783,206,559,2018-08-08,1,1,2023-03-03
784,969,187,2020-12-19,1,0,
785,784,821,2022-04-30,0,0,
786,164,96,2016-03-19,0,1,2022-06-17
787,881,816,2018-10-25,0,1,2022-11-08
788,303,143,2019-04-11,0,0,
789,453,912,2017-03-27,1,0,
790,822,172,2014-10-28,0,0,
791,812,574,2017-01-21,1,0,
792,777,416,2019-01-13,1,1,2022-06-23
793,286,634,2014-10-22,1,0,
794,492,5,2021-05-27,0,0,
795,116,684,2020-07-28,0,1,2022-10-06
796,849,519,2016-08-20,1,1,2022-10-06
797,753,649,2020-10-06,0,1,2022-10-05
798,89,575,2014-08-12,1,1,2022-07-07
799,250,916,2013-08-24,1,0,
800,338,624,2017-12-21,0,0,
801,894,788,2021-08-23,0,0,
802,912,823,2014-07-10,0,0,
803,102,296,2017-01-20,0,1,2022-12-17
804,339,772,2018-01-28,0,0,
805,624,301,2018-12-14,0,1,2023-06-02
806,754,931,2021-08-18,1,0,
807,198,68,2017-10-01,0,0,
808,9,927,2014-08-01,1,1,2022-12-28
809,468,659,2022-02-19,1,0,
810,707,490,2022-03-09,1,1,2022-07-07
811,493,152,2014-03-11,1,0,
812,776,610,2016-06-07,1,1,2022-11-23
813,925,465,2019-03-27,1,1,2022-11-09
814,158,477,2021-10-06,1,1,2022-08-21
815,893,499,2019-05-01,1,1,2022-12-13
816,130,197,2022-10-19,1,0,
817,526,778,2022-09-30,1,1,2023-05-09
818,114,550,2022-03-20,0,1,2022-12-09
819,95,831,2014-12-17,1,0,
820,479,275,2013-10-22,1,1,2022-11-01
821,925,428,2022-09-13,1,0,
822,551,616,2021-10-22,0,1,2022-06-28
823,988,488,2021-03-26,1,0,
824,44,890,2023-03-05,1,0,
825,457,698,2020-10-06,0,0,
826,91,85,2017-04-02,1,0,
827,901,836,2020-02-22,0,0,
828,238,508,2017-07-28,0,0,
829,53,914,2016-12-02,0,0,
830,189,733,2015-12-10,1,0,
831,550,668,2021-08-05,1,0,
832,708,130,2022-10-21,1,0,
833,92,216,2022-03-04,1,1,2022-12-03
834,250,704,2020-06-23,1,1,2022-10-02
835,935,748,2022-07-06,0,0,
836,995,407,2021-07-12,0,1,2023-03-21
837,653,180,2014-12-08,0,1,2023-01-13
838,379,436,2021-12-15,0,1,2023-01-30
839,264,262,2021-02-28,1,0,
840,259,282,2014-07-18,0,1,2022-06-05
841,364,625,2016-11-20,1,0,
842,386,208,2020-04-16,1,0,
843,681,876,2015-05-07,1,0,
844,219,209,2021-08-31,0,0,
845,589,311,2019-11-29,1,1,2022-06-06
846,444,48,2015-01-31,0,1,2023-02-22
847,176,207,2022-03-26,0,0,
848,415,587,2018-07-10,1,0,
849,165,306,2019-12-07,1,1,2022-06-29
850,29,662,2023-02-22,0,0,
851,49,655,2017-05-14,1,1,2023-02-11
852,812,723,2016-11-19,0,1,2023-04-11
853,677,732,2015-05-16,0,1,2022-09-16
854,195,737,2021-07-07,1,1,2023-02-01
855,33,593,2021-10-14,1,1,2022-10-04
856,369,213,2016-07-05,1,1,2022-10-12
857,552,90,2022-09-01,1,0,
858,241,888,2022-11-28,0,1,2023-05-21
859,963,262,2015-06-20,0,0,
860,386,812,2019-11-20,1,0,
861,855,513,2022-07-05,0,0,
862,978,39,2020-02-21,1,1,2023-03-19
863,664,5,2015-11-08,0,0,
864,451,716,2019-02-04,1,1,2022-07-20
865,863,677,2019-06-03,1,1,2023-04-09
866,2,699,2021-07-31,1,1,2023-06-01
867,658,500,2014-07-15,0,1,2022-09-27
868,277,595,2021-06-09,1,0,
869,281,159,2021-11-15,1,1,2022-06-10
870,986,0,2017-08-09,0,0,
871,542,112,2016-09-28,1,0,
872,556,113,2013-12-05,0,0,
873,818,486,2013-09-20,0,1,2022-10-09
874,455,291,2015-09-07,1,1,2023-01-24
875,310,169,2018-09-25,0,1,2022-07-12
876,606,811,2019-03-22,1,1,2022-10-27
877,787,367,2015-09-26,0,1,2023-02-10
878,920,477,2014-09-07,1,1,2023-05-12
879,554,568,2019-05-02,1,0,
880,959,750,2019-09-18,1,1,2023-02-26
881,634,685,2019-11-03,0,1,2022-08-04
882,707,160,2019-08-16,0,1,2023-02-02
883,992,862,2018-12-13,1,1,2022-11-17
884,852,147,2020-12-31,1,1,2023-01-14
885,850,890,2020-06-13,0,0,
886,247,903,2021-05-05,1,1,2022-09-09
887,738,710,2013-10-28,0,0,
888,171,582,2016-06-17,0,0,
889,237,500,2016-06-18,0,1,2022-12-24
890,568,444,2014-08-07,1,0,
891,440,73,2021-06-26,1,0,
892,801,689,2013-07-26,1,1,2022-12-30
893,421,295,2016-07-23,1,1,2022-10-23
894,185,636,2018-02-01,0,0,
895,526,204,2014-08-22,1,0,
896,886,956,2018-08-25,0,0,
897,70,298,2017-05-13,1,0,
898,818,718,2016-11-17,1,1,2023-04-04
899,648,224,2019-08-15,0,1,2023-05-23
900,483,182,2022-04-29,1,0,
901,246,707,2017-03-17,1,1,2023-01-09
902,145,781,2014-01-18,1,1,2022-10-20
903,587,738,2021-08-06,0,0,
904,214,460,2015-02-13,0,0,
905,863,761,2013-09-13,1,1,2023-01-27
906,102,152,2019-04-14,0,1,2022-10-09
907,415,83,2016-02-29,0,0,
908,781,323,2017-12-05,0,0,
909,672,507,2015-11-12,1,1,2022-09-12
910,838,442,2016-08-24,0,1,2022-11-13
911,757,452,2018-08-27,0,0,
912,15,690,2019-04-27,0,0,
913,411,714,2015-12-05,1,1,2023-04-19
914,198,398,2016-06-05,0,1,2022-11-22
915,171,15,2023-01-22,0,1,2023-02-22
916,296,96,2018-04-14,0,1,2022-11-04
917,352,28,2013-07-26,0,0,
918,510,457,2020-10-23,1,1,2022-06-06
919,862,981,2019-08-01,0,0,
920,910,774,2018-12-17,0,1,2023-03-09
921,721,526,2018-02-19,1,0,
922,817,873,2015-12-15,0,1,2023-02-26
923,134,167,2021-03-31,0,1,2022-12-19
924,630,974,2019-02-08,0,1,2022-08-21
925,173,949,2016-05-02,0,0,
926,722,165,2019-02-16,0,1,2022-10-09
927,777,189,2020-05-13,1,0,
928,338,545,2016-12-02,1,0,
929,74,4,2017-11-08,0,1,2022-11-13
930,323,415,2019-12-13,0,0,
931,99,345,2018-04-15,1,1,2022-08-09
932,164,611,2016-04-09,0,0,
933,204,362,2014-11-02,1,0,
934,992,559,2021-04-11,1,1,2022-10-13
935,164,533,2021-07-18,1,0,
936,9,37,2017-07-31,0,1,2022-11-22
937,759,304,2014-08-15,1,1,2022-07-05
938,940,374,2021-08-23,1,1,2022-09-01
939,890,493,2014-10-08,0,0,
940,673,363,2022-06-26,1,0,
941,880,287,2020-01-15,1,0,
942,888,401,2016-09-13,1,0,
943,832,772,2017-02-26,0,1,2023-01-15
944,568,8,2020-09-04,1,0,
945,969,582,2014-08-15,0,0,
946,957,383,2013-06-22,1,0,
947,176,96,2014-03-29,0,1,2022-07-19
948,264,468,2018-09-06,0,0,
949,512,406,2013-11-25,1,0,
950,798,567,2021-01-07,0,1,2022-11-10
951,808,73,2021-12-23,1,0,
952,263,825,2014-06-25,0,1,2023-03-24
953,295,549,2018-01-03,1,1,2023-05-20
954,722,923,2013-11-09,1,0,
955,84,769,2021-05-03,0,0,
956,634,136,2019-10-01,0,0,
957,197,731,2018-03-24,1,0,
958,563,485,2018-01-18,0,0,
959,22,618,2018-01-01,0,1,2023-04-11
960,207,660,2021-03-28,1,1,2022-11-01
961,778,861,2021-08-13,1,0,
962,211,374,2014-09-13,0,1,2022-10-31
963,132,125,2022-12-25,1,0,
964,516,713,2018-03-02,0,0,
965,362,718,2022-03-05,1,1,2023-04-02
966,498,609,2013-07-26,1,1,2023-06-03
967,476,403,2018-01-18,1,1,2022-09-27
968,639,940,2018-08-09,0,0,
969,662,809,2014-11-05,1,0,
970,261,187,2017-03-07,0,1,2023-02-17
971,119,691,2015-10-06,1,0,
972,210,208,2018-03-24,0,1,2022-10-18
973,101,162,2019-10-02,0,0,
974,702,649,2017-02-16,0,0,
975,496,464,2016-10-23,1,0,
976,622,157,2015-04-22,1,1,2023-04-21
977,449,506,2017-07-12,1,0,
978,682,858,2014-07-09,0,0,
979,840,824,2021-05-11,1,1,2023-04-19
980,766,841,2014-04-10,1,0,
981,868,260,2021-12-03,0,0,
982,769,735,2022-02-19,0,0,
983,869,489,2019-03-18,1,1,2023-05-24
984,22,19,2014-12-05,0,0,
985,895,359,2020-12-11,1,0,
986,116,299,2022-10-27,1,1,2022-07-08
987,194,830,2017-08-11,1,0,
988,155,956,2017-03-30,0,1,2022-10-29
989,579,172,2018-02-05,1,1,2023-02-21
990,197,359,2018-04-18,0,1,2022-07-24
991,673,460,2018-01-08,0,0,
992,287,25,2013-07-05,1,1,2022-09-23
993,69,2,2015-04-16,0,0,
994,792,520,2021-05-02,0,1,2022-11-17
995,386,827,2018-04-23,0,1,2022-06-28
996,103,305,2020-09-03,0,1,2022-06-22
997,483,203,2022-10-15,0,1,2022-12-22
998,364,857,2022-05-28,0,0,
999,458,420,2022-10-04,1,0,
